GRIDCODE	CVENTMUN	Fter
624897	2001	0.003065895
624898	2001	0.000423948
624935	2001	0.003446803
625024	26004	0.037269484
625025	26004	0.009696465
625032	26046	0.003501384
625033	26046	0.077699337
625034	26046	0.005789668
625034	26046	0.051935704
625034	26046	0.002847491
625050	26036	0.033698663
625051	26036	0.036381471
625052	26036	0.034898596
625053	26036	0.033494035
625053	26036	0.008805239
625053	26036	0.001911422
625054	26036	0.087495423
625054	26036	0.143003707
625055	26036	0.004764367
625075	26006	0.257325505
625084	26011	0.005756048
625085	26011	0.140841326
625097	26027	0.044733391
625098	26027	0.005911031
625098	26027	0.006225599
625098	26027	0.006822873
625135	8035	0.006368302
625136	8035	0.016718835
625145	8035	0.009309466
625146	8035	0.010243323
625196	8001	0.058336868
625197	8001	0.008889198
625197	8001	0.003578162
625956	2001	0.003415796
625994	2001	0.003465921
626082	26004	0.033584873
626083	26004	0.010043759
626090	26046	0.064040141
626091	26046	0.074321795
626108	26036	0.012078847
626108	26058	0.943254522
626109	26036	0.001753607
626109	26058	0.056745478
626113	26036	0.082216455
626114	26036	0.037325438
626114	26036	0.02238571
626114	26036	0.058536923
626115	26036	0.108554545
626134	26006	0.253208365
626143	26011	0.155639923
626157	26027	0.062309806
626195	8035	0.020171792
626203	8035	0.000897044
626204	8035	0.0135461
626204	8035	0.00512154
626256	8001	0.066874615
626256	8001	0.0025442
626256	8001	0.000618779
627015	2001	0.004367697
627053	2001	0.0034648
627106	26017	0.009363322
627107	26017	0.010080617
627140	26047	0.084346167
627140	26004	0.007067627
627141	26004	0.011160348
627147	26046	0.057974983
627148	26046	0.077635425
627149	26046	0.013293983
627166	26036	0.033690953
627167	26036	0.003110383
627174	26036	0.076920892
627174	26035	0.019420113
627175	26035	0.011721596
627192	26006	0.134424869
627193	26006	0.102358826
627202	26011	0.154283305
627216	26027	0.063103754
627246	8035	0.002410281
627254	8035	0.016043445
627262	8035	0.019526482
627315	8001	0.071669832
628072	2001	0.000467113
628073	2001	0.004467857
628074	2001	0.000352631
628112	2001	0.003462029
628166	26017	0.012783193
628198	26047	0.067734101
628199	26047	0.077207288
628204	26046	0.00606035
628204	26004	0.012523087
628205	26046	0.080801253
628206	26046	0.01575215
628225	26036	0.036262684
628234	26035	0.038531295
628237	26035	0.00287516
628237	26035	0.009892344
628251	26019	0.00235607
628251	26006	0.252682434
628261	26011	0.141867645
628275	26027	0.062666278
628305	8035	0.016057222
628313	8035	0.016048008
628320	8035	0.0119011
628321	8035	0.007659864
628374	8001	0.06122076
628374	8001	0.015786285
629131	2001	0.003937314
629170	2001	0.003355193
629171	2001	0.000477092
629225	26017	0.012233035
629248	26017	0.001539772
629253	26047	0.072515889
629254	26047	0.138033569
629255	26047	0.005258423
629255	26047	0.12279036
629256	26047	0.026365191
629256	26047	0.104247317
629257	26047	0.03629921
629257	26047	0.07985547
629257	26047	0.061236696
629258	26047	0.104142654
629258	26004	0.00310258
629259	26004	0.032125791
629260	26004	0.032164756
629261	26004	0.032202485
629262	26004	0.007635451
629262	26004	0.032119609
629262	26004	0.004829055
629263	26004	0.021619242
629283	26036	0.014714581
629284	26036	0.019735568
629291	26035	0.005426838
629292	26035	0.019652702
629293	26035	0.03617632
629293	26035	0.003355226
629293	26035	0.006757188
629293	26035	0.008897379
629294	26035	0.025261525
629295	26035	0.020098599
629296	26035	0.018574601
629310	26019	0.012401386
629319	26011	0.066480813
629320	26011	0.108031562
629334	26027	0.019996977
629334	26027	0.025643894
629334	26027	0.017006151
629334	26027	8.94507E-05
629345	26002	0.016533283
629364	8035	0.016055185
629372	8035	0.008171648
629373	8035	0.000939381
629377	8035	0.004534601
629378	8035	0.01348915
629378	8035	0.00326741
629378	8035	0.003165343
629379	8035	0.003940666
629379	8035	0.000241716
629379	8035	0.010811117
629379	8035	0.000931504
629433	8001	0.032925083
629433	8001	0.036892133
629433	8001	0.005652394
629434	8001	0.00707576
630190	2001	0.002650201
630190	2001	0.001172542
630229	2001	0.003782714
630284	26017	0.009168598
630285	26017	0.007466886
630304	26017	0.000432546
630305	26017	0.007124558
630305	26017	0.003328346
630305	26017	0.006080476
630306	26017	0.013236928
630307	26017	0.011374233
630308	26017	0.01229587
630309	26017	0.012282829
630310	26017	0.00211388
630310	26017	0.001816397
630310	26017	0.00279715
630310	26017	0.010783766
630311	26017	0.013631786
630312	26017	0.003815496
630312	26047	0.019967665
630321	26004	0.031691055
630321	26004	0.006738797
630322	26004	0.0044684
630322	26046	0.00560827
630322	26004	0.025378262
630322	26004	0.016587406
630323	26046	0.068474397
630324	26046	0.069144855
630342	26036	0.040924706
630351	26035	0.00309806
630352	26035	0.007646829
630352	26035	0.007185437
630352	26035	0.004568226
630352	26035	0.004359999
630352	26035	0.013541846
630352	26035	0.02638541
630353	26035	0.013399453
630369	26019	0.016177567
630370	26019	0.00257923
630378	26011	0.204671278
630393	26027	0.063312675
630404	26002	0.02045079
630422	8035	0.001376478
630423	8035	0.026558032
630432	8035	0.007780465
630433	8035	0.015578961
630435	8035	0.014696547
630436	8035	0.013913587
630438	8035	0.019438798
630492	8001	0.069819875
631249	2001	0.003454139
631288	2001	0.003547449
631289	2001	0.000301223
631344	26017	0.007748774
631345	26017	0.01377778
631346	26017	0.003412197
631361	26017	0.004930988
631362	26017	0.013237255
631363	26017	0.012785146
631364	26017	0.01151154
631369	26017	0.01538562
631369	26017	0.000865831
631381	26004	0.032316251
631383	26046	0.006143173
631384	26046	0.079945297
631399	26036	0.001248491
631400	26036	0.04350677
631401	26036	0.003411824
631411	26035	0.023436469
631412	26035	0.01740498
631412	26035	0.018700442
631413	26035	0.013087235
631429	26019	0.013483891
631436	26019	0.017051398
631437	26019	0.004149748
631437	26011	0.022428101
631449	26027	0.025238461
631450	26027	0.030858911
631451	26027	0.031546518
631452	26027	0.037639226
631452	26027	0.001134632
631452	26027	0.006008764
631452	26027	0.008084937
631453	26027	0.01821856
631453	26027	0.006313786
631463	26002	0.020573552
631480	8035	0.006894662
631481	8035	0.015221723
631492	8035	0.002135335
631492	8035	0.006017442
631493	8035	0.015221057
631493	8035	0.00467142
631493	8035	0.007725388
631494	8035	0.005107817
631497	8035	0.013112519
631498	8035	0.004136235
631551	8001	0.070178585
631580	8028	0.014824048
632307	2001	0.001012149
632308	2001	0.002443798
632347	2001	0.003861897
632402	26017	0.002413823
632405	26017	0.01024946
632406	26017	0.0137215
632407	26017	0.00241051
632418	26017	0.009689165
632419	26017	0.013183861
632420	26017	0.008235569
632427	26017	0.012150226
632428	26017	0.003276477
632440	26046	0.011174919
632440	26004	0.027035259
632443	26046	0.030767741
632444	26046	0.08084577
632445	26046	0.003939809
632457	26065	0.033037987
632458	26036	0.0191687
632458	26065	0.025264996
632471	26035	0.03762541
632472	26035	0.008932038
632473	26035	0.020751965
632474	26035	0.007776573
632488	26019	0.012929992
632494	26019	0.009264719
632495	26019	0.022529528
632511	26027	0.022975885
632512	26027	0.013318965
632512	26027	0.049940886
632512	26027	0.008157156
632521	26002	0.011218478
632522	26002	0.008950341
632551	8035	0.020517819
632557	8035	0.018748132
632557	8035	0.000198092
632557	8035	0.007771146
632558	8035	0.007924921
632610	8001	0.070103084
632639	8028	0.041975591
633366	2001	0.003554313
633406	2001	0.003473149
633461	26017	0.001097914
633466	26017	0.011321829
633467	26017	0.013635926
633468	26017	0.001556191
633475	26017	0.007904032
633475	26017	0.002709123
633476	26017	0.013215784
633477	26017	0.003535514
633485	26017	0.008129497
633486	26017	0.007165544
633499	26046	0.038119803
633499	26004	0.014790969
633504	26046	0.045379025
633504	26007	0.109678267
633505	26007	0.153916526
633513	26065	0.042041913
633514	26065	0.046295262
633515	26065	0.048727686
633516	26065	0.022032975
633530	26035	0.039328977
633533	26035	0.028832277
633534	26035	0.017922741
633535	26035	0.017686833
633536	26035	0.025594711
633537	26035	0.001320104
633547	26019	0.010076171
633548	26019	0.00759359
633553	26019	0.027178943
633571	26027	0.064447606
633580	26002	0.019774055
633609	8035	0.013338792
633610	8035	0.0047307
633616	8035	0.009405302
633617	8035	0.017107847
633618	8035	0.022159466
633619	8035	0.000446735
633669	8001	0.070881846
633697	8028	0.025316462
633698	8028	0.02337376
634425	2001	0.003133629
634425	2001	0.000310074
634465	2001	0.003517089
634527	26017	0.012216409
634528	26017	0.012674663
634533	26017	0.011600543
634534	26017	0.004953686
634544	26017	0.013989606
634558	26046	0.014511946
634558	26004	0.02558269
634564	26007	0.117836352
634565	26007	0.261551244
634566	26007	0.253999098
634569	26065	0.018298715
634570	26065	0.049949561
634571	26065	0.045745834
634572	26065	0.012188317
634588	26035	0.030422259
634589	26035	0.009048898
634593	26035	0.015867075
634594	26035	0.012561787
634596	26035	0.02290561
634607	26019	0.012796859
634612	26019	0.024612238
634630	26027	0.058819592
634630	26027	0.00853549
634639	26002	0.018444752
634639	26002	0.000549763
634668	8035	0.018087255
634678	8035	0.020728069
634728	8001	0.073894719
634755	8028	0.029175101
634756	8028	0.045959503
635484	2001	0.003693839
635524	2001	0.003497371
635587	26017	0.001421671
635587	26017	0.011291336
635588	26017	0.004852391
635588	26017	0.005112712
635588	26017	0.008094217
635589	26017	0.012229972
635590	26017	0.013047561
635591	26017	0.01316174
635592	26017	0.000380586
635592	26017	0.010311009
635602	26017	0.013044863
635603	26017	0.000848788
635617	26046	0.01429133
635617	26004	0.024759693
635618	26004	0.000853747
635625	26007	0.021303631
635626	26007	0.081714882
635626	26065	0.078263506
635627	26065	0.090850468
635628	26065	0.017758616
635628	26065	0.058064926
635628	26065	0.023681866
635647	26035	0.039168055
635655	26035	0.013944982
635656	26035	0.00762817
635666	26019	0.013133226
635668	26019	0.007413362
635669	26019	0.024509828
635670	26019	0.026123413
635671	26019	0.011797048
635689	26027	0.065034343
635698	26002	0.009942043
635726	8035	0.014717669
635727	8035	0.003350295
635737	8005	0.000763425
635737	8035	0.002916843
635738	8005	0.011079808
635787	8001	0.071633038
635812	8028	0.00093367
635813	8028	0.044938574
635814	8028	0.032328253
636543	2001	0.003451243
636583	2001	0.00354523
636642	26017	0.000237838
636643	26017	0.01272275
636644	26017	0.012701275
636645	26017	0.012735755
636646	26017	0.002772605
636660	26017	0.003885644
636661	26017	0.011227768
636677	26004	0.032491524
636687	26065	0.017863752
636687	26065	0.006183424
636687	26065	0.063743698
636688	26065	0.080264074
636706	26035	0.011578667
636707	26035	0.027703266
636715	26035	0.023082506
636715	26035	0.000314585
636715	26035	0.000196875
636724	26019	0.007105963
636724	26019	0.001188079
636724	26019	0.001080571
636725	26019	0.021612224
636725	26019	0.005638191
636725	26019	0.001662185
636725	26019	0.001798767
636725	26019	0.009195404
636726	26019	0.00410646
636726	26019	0.025767724
636727	26019	0.018749671
636748	26027	0.066985835
636757	26002	0.010337703
636785	8035	0.017988755
636797	8005	0.005530872
636798	8005	0.0073142
636846	8001	0.070845283
636870	8028	0.013569259
636871	8028	0.056743573
637602	2001	0.003462306
637642	2001	0.002532562
637642	2001	0.000948281
637698	26017	0.001577101
637699	26017	0.013724604
637700	26017	0.01236712
637701	26017	0.012399923
637719	26017	0.012733718
637719	26017	0.00058133
637719	26017	0.003662692
637720	26017	0.000835485
637736	26004	0.033244335
637747	26065	0.091020338
637765	26035	0.037883093
637765	26035	0.008494079
637765	26035	0.001476499
637774	26035	0.003098664
637774	26035	0.021830789
637775	26035	0.025076367
637776	26035	0.01491227
637776	26059	0.006628508
637777	26019	0.005626506
637777	26019	0.006900996
637778	26019	0.027070755
637779	26019	0.024255562
637780	26019	0.012647057
637781	26019	0.005536613
637782	26019	0.006798087
637783	26019	0.027055715
637784	26019	0.011797224
637784	26019	0.007313367
637785	26019	0.027947897
637786	26019	0.00844491
637806	26027	0.010446709
637807	26027	0.051621611
637816	26002	0.01152696
637843	8035	0.014778596
637844	8035	0.002690865
637854	8005	0.000249183
637856	8005	0.006439923
637857	8005	0.000177333
637857	8005	0.000340269
637857	8005	0.011570447
637857	8005	0.001799115
637857	8005	0.000340569
637857	8005	0.002179791
637857	8005	0.003295963
637858	8005	0.003068657
637905	8001	0.068767216
637928	8028	0.051440303
637929	8028	0.035819284
638660	2001	0.000869102
638661	2001	0.002583875
638701	2001	0.003502814
638757	26017	0.009305834
638757	26017	0.005865474
638777	26017	0.002115226
638778	26017	0.011191321
638795	26004	0.033697814
638806	26065	0.087578836
638807	26065	0.004045679
638824	26035	0.03942969
638832	26035	0.003189361
638832	26059	0.001250202
638833	26035	0.007063452
638833	26059	0.023185344
638835	26059	0.013997902
638836	26019	0.00781941
638836	26059	0.009041812
638839	26019	0.016383997
638840	26019	0.00968757
638840	26019	0.016001005
638840	26019	0.006498261
638841	26019	0.017521303
638845	26019	0.016029443
638846	26019	0.024407457
638847	26019	0.024405897
638848	26019	0.000330448
638865	26027	0.03685025
638865	26002	0.007835379
638875	26002	0.00093754
638876	26002	0.009501625
638902	8035	0.018883445
638910	8035	0.000442604
638911	8035	0.007244502
638912	8005	0.005106728
638912	8035	0.002184518
638913	8005	0.006449964
638914	8005	0.005845971
638915	8005	0.003803827
638916	8005	0.005859137
638917	8005	0.011649269
638918	8005	0.003783278
638964	8037	0.002556521
638964	8001	0.061812286
638985	8053	0.005055432
638985	8028	0.001064497
638986	8028	0.024164291
638987	8028	0.029842899
639719	2001	0.003452791
639759	2001	0.003377761
639760	2001	0.000182728
639816	26017	0.01217491
639836	26017	0.01392843
639836	26017	0.001397732
639854	26004	0.033002494
639866	26065	0.022473862
639866	26060	0.027563289
639882	26043	0.008456268
639883	26043	0.017740353
639883	26035	0.015054564
639890	26035	0.001384246
639891	26035	0.015121938
639891	26059	0.026768911
639907	26019	0.025712008
639908	26019	0.011471084
639908	26019	0.009707385
639924	26002	0.012976474
639924	26002	0.006765094
639935	26002	0.002864689
639935	26002	0.006888719
639960	8035	0.020150553
639961	8035	0.000966915
639969	8035	0.014732358
639970	8035	0.000814024
639971	8035	0.000922593
639975	8005	0.005685506
639977	8005	0.010853548
639978	8005	0.004664975
640023	8037	0.007596034
640023	8037	0.017322989
640043	8053	0.018517372
640044	8053	0.011909372
640044	8053	0.021484136
640045	8053	0.028306407
640045	8028	0.019322347
640778	2001	0.003428933
640818	2001	0.003411199
640875	26017	0.008329462
640875	26017	0.003850393
640875	26017	0.002018246
640894	26017	0.00685477
640895	26017	0.00639274
640913	26004	0.032677834
640925	26060	0.036799621
640941	26043	0.032395706
640942	26043	0.012465788
640949	26035	0.006335348
640949	26059	0.031556018
640967	26019	0.005220856
640968	26019	0.026486459
640969	26019	0.017635786
640983	26002	0.002768077
640984	26002	0.020286994
640993	26002	0.000401467
641018	8035	0.016430283
641019	8035	0.00454696
641025	8035	0.004758563
641026	8035	0.01865397
641027	8035	0.016041283
641028	8035	0.001789226
641028	8035	0.000327025
641033	8005	0.005678016
641034	8005	0.000481909
641037	8005	0.009964954
641038	8005	0.005531874
641082	8037	0.024916262
641102	8053	0.041114467
641102	8053	0.013351712
641103	8053	0.066080939
641837	2001	0.003546926
641877	2001	0.000301626
641877	2001	0.003110198
641934	26017	0.012192298
641953	26017	0.012783172
641972	26004	0.033184815
641973	26004	0.004568433
641984	26065	0.014623708
641984	26060	0.027176052
641985	26060	0.002378127
642000	26043	0.043780157
642008	26059	0.04673324
642028	26019	0.0119447
642029	26019	0.024402318
642030	26019	0.01188289
642043	26002	0.01413983
642044	26002	0.018128442
642044	26002	0.001078121
642076	8035	0.012749909
642077	8035	0.008353847
642092	8005	0.005674688
642097	8005	0.011111535
642098	8005	0.002157793
642103	8005	0.007294497
642104	8005	0.005087645
642141	8037	0.025309777
642160	8053	0.041722948
642161	8053	0.024044994
642161	8053	0.052514033
642162	8053	0.010339748
642896	2001	0.003930335
642936	2001	0.003413046
642993	26017	0.012678681
643012	26017	0.012650342
643032	26004	0.03942167
643043	26060	0.013277422
643044	26060	0.022322773
643053	26043	0.006168313
643054	26043	0.006485088
643059	26043	0.050601178
643066	26059	0.020429642
643067	26059	0.042384354
643067	26059	0.042103998
643067	26059	0.015033856
643068	26059	0.00296936
643081	26019	0.020472615
643089	26039	0.015488654
643089	26019	0.016394317
643090	26039	0.020691184
643102	26002	0.003909773
643103	26002	0.02094341
643134	8035	0.009092257
643135	8035	0.011939936
643151	8005	0.005357897
643157	8005	0.012001713
643157	8005	0.001299584
643158	8005	0.013133075
643159	8005	0.01208934
643160	8005	0.010743625
643161	8005	0.011974988
643162	8005	0.003656491
643200	8037	0.028235228
643218	8053	0.046114553
643218	8053	0.029238848
643219	8053	0.030837928
643219	8053	0.078060422
643220	8053	0.026243247
643954	2001	0.001574541
643955	2001	0.002163638
643995	2002	0.000757132
643995	2001	0.000145373
643996	2002	0.003709043
644052	26048	0.000631739
644052	26017	0.001704408
644053	26048	0.011838475
644053	26017	0.003581154
644070	26017	0.004433885
644071	26017	0.008207024
644091	26004	0.009968923
644092	26004	0.026328229
644103	26060	0.006891578
644103	26060	0.011867486
644103	26060	0.02961111
644103	26060	0.01158842
644111	26043	0.009357674
644112	26043	0.025073177
644113	26043	0.026329054
644117	26043	0.042763073
644118	26043	0.01107488
644124	26059	0.052416312
644125	26059	0.028726047
644127	26059	0.067621007
644128	26059	0.065280133
644139	26019	0.028296796
644140	26019	0.029148636
644140	26019	0.0026913
644149	26039	0.075175114
644150	26039	0.011019513
644161	26002	0.019302785
644192	8035	0.00855674
644193	8035	0.014513832
644210	8005	0.005372685
644216	8005	0.001944869
644216	8005	0.001074758
644216	8005	0.000990293
644217	8005	0.012190722
644217	8005	0.001120368
644259	8037	0.006623084
644259	8037	0.014790895
644275	8053	0.003418841
644276	8053	0.071438134
644276	8053	0.003991996
644277	8053	0.022347201
644277	8053	0.054363574
645013	2001	0.003866362
645055	2002	0.003743985
645112	26017	0.002855943
645112	26017	0.010347942
645129	26017	0.012645653
645151	26004	0.032025332
645160	26060	0.004742079
645161	26060	0.050741084
645162	26060	0.000121498
645162	26060	0.018889683
645165	26060	0.001165665
645166	26060	0.013949125
645168	26043	0.005264607
645169	26043	0.027090014
645170	26043	0.014532194
645172	26043	0.006614952
645173	26043	0.022961058
645174	26043	0.002943835
645176	26043	0.025859095
645176	26043	0.001060554
645176	26043	0.021666198
645183	26059	0.049179694
645187	26059	0.030246897
645187	26059	0.016668487
645196	26019	0.015804894
645197	26019	0.025270315
645198	26019	0.001004576
645199	26019	0.023330327
645209	26039	0.007732515
645209	26039	0.071644302
645209	26039	0.059260315
645210	26039	0.073622528
645220	26002	0.019516963
645250	8035	0.008193955
645251	8035	0.005721374
645251	8035	0.008435423
645251	8035	0.013894098
645252	8035	0.016715811
645269	8005	0.005361559
645276	8005	0.002713465
645277	8005	0.012449247
645318	8037	0.001298524
645319	8037	0.011789982
645334	8053	0.069749113
645335	8053	0.059527057
645336	8053	0.021564089
646071	2001	0.001578465
646071	2001	0.000538343
646072	2001	0.00175929
646113	2002	0.00179045
646114	2002	0.00313791
646171	26017	0.013737452
646188	26017	0.012642732
646210	26004	0.034035609
646219	26060	0.045263735
646221	26060	8.13601E-05
646222	26060	0.018708296
646223	26060	0.016620698
646224	26060	0.021388633
646225	26043	0.004021944
646225	26060	0.003166221
646226	26043	0.012146504
646227	26043	0.013261892
646227	26043	0.000954908
646227	26043	0.007949028
646232	26043	0.009091223
646233	26043	0.020819283
646234	26043	0.018418774
646234	26043	0.022875688
646234	26043	0.019661963
646234	26043	0.000723724
646235	26043	0.004685485
646241	26043	0.017054989
646242	26043	0.00398866
646242	26059	0.005500262
646246	26059	0.049087555
646258	26019	0.006579815
646268	26039	0.011960065
646268	26039	0.05566722
646269	26039	0.013099847
646270	26039	0.088293548
646271	26039	0.001129527
646278	26002	0.01335363
646279	26002	0.014357271
646279	26002	0.004449652
646279	26002	0.00706045
646308	8035	0.01184502
646309	8035	0.0133772
646311	8035	0.016124806
646328	8005	0.002396558
646328	8005	0.002970487
646336	8005	0.002730889
646337	8005	0.008699843
646378	8037	0.010208052
646378	8037	0.005606119
646390	8028	0.040281485
646391	8028	0.03415939
646391	8028	0.008147278
646392	8053	0.022004648
646392	8028	0.024767383
646393	8053	0.025735111
646393	8053	0.06025785
646394	8053	0.019958661
647130	2001	0.004096671
647171	2002	0.003905493
647172	2002	0.001865656
647229	26048	0.000697851
647229	26017	0.008168665
647230	26017	0.005046167
647247	26017	0.012641744
647269	26004	0.036733069
647277	26060	0.021035572
647278	26060	0.016779454
647293	26043	0.045735325
647300	26043	0.023255969
647305	26059	0.046134814
647327	26039	0.067479332
647330	26039	0.017708971
647330	26039	0.030594447
647330	26039	0.024483331
647331	26039	0.065581802
647332	26039	0.06614147
647333	26039	0.039099341
647333	26002	0.008830539
647334	26002	0.019191838
647335	26002	0.000887037
647338	26002	0.018804802
647352	26002	0.003911633
647353	26002	0.019174467
647354	26002	0.012656308
647355	26002	0.003852313
647356	26002	0.014385503
647357	26002	0.020444428
647358	26002	0.003075598
647359	26002	0.009239532
647360	26002	0.019114693
647361	26002	0.019031077
647362	26002	0.018824361
647363	26002	0.019742738
647364	26002	0.008577189
647364	8035	0.012776544
647365	8035	0.017721664
647366	8035	0.016968529
647367	8035	0.007999768
647370	8035	0.005600481
647371	8035	0.015765696
647386	8005	0.004611661
647387	8005	0.008884465
647396	8005	0.004892555
647396	8005	0.005872001
647396	8005	0.005227215
647437	8037	0.025301512
647438	8037	0.001096239
647439	8037	0.000537222
647447	8028	0.012728911
647448	8028	0.045249079
647449	8028	0.017563974
647449	8028	0.047889907
647450	8028	0.041459563
647451	8053	0.013621462
647451	8028	0.03074143
647452	8053	0.007085708
648188	2001	0.003124756
648189	2001	0.000692369
648229	2002	0.001348764
648229	2002	0.002216149
648230	2002	0.000890364
648288	26048	0.020657892
648305	26017	0.011413327
648306	26017	0.001637657
648328	26004	0.009103739
648329	26004	0.01157385
648329	26004	0.017329103
648336	26060	0.033702444
648352	26043	0.001056511
648353	26043	0.048866827
648358	26043	0.008084288
648359	26043	0.016250871
648364	26059	0.046265732
648385	26039	0.057771474
648386	26039	0.007934612
648394	26002	0.018322587
648395	26002	0.01926144
648396	26002	0.019220177
648397	26002	0.006078091
648397	26002	0.012918068
648397	26002	0.007641587
648397	26002	0.006131413
648398	26002	0.020525287
648399	26002	0.017632063
648401	26002	0.019930095
648402	26002	0.019835674
648403	26002	0.019407571
648404	26002	0.0188243
648405	26002	0.018917237
648406	26002	0.014980091
648406	26002	0.003999905
648407	26002	0.018911214
648408	26002	0.019540381
648409	26002	0.019508748
648410	26002	0.018819708
648411	26002	0.015245962
648413	26002	0.009157617
648414	26002	0.021005459
648415	26002	0.010011985
648417	26002	0.01634541
648418	26002	0.00980786
648445	8005	0.005386746
648455	8005	0.011831741
648496	8037	0.023763138
648496	8037	0.001198435
648496	8037	0.005530531
648497	8037	0.016043519
648506	8028	0.049983244
648506	8028	0.03746356
648507	8028	0.044409843
648508	8028	0.009507235
649247	2001	0.003800867
649252	2001	0.000357164
649261	2001	0.002136323
649263	2001	0.000281902
649264	2001	0.000708273
649288	2002	0.003198391
649346	26048	0.018545735
649347	26048	0.004409997
649364	26017	0.013713653
649388	26004	0.029541985
649389	26004	0.009704989
649395	26060	0.033793936
649412	26043	0.028339985
649412	26043	0.00968778
649413	26043	0.011828163
649417	26043	0.02821262
649423	26059	0.048756184
649444	26039	0.050415779
649444	26039	0.003990934
649444	26039	0.005890773
649445	26039	0.025467929
649445	26039	0.008400355
649446	26039	0.01836849
649458	26002	0.002182406
649459	26002	0.01910763
649460	26002	0.001217875
649504	8005	0.005639426
649514	8005	0.005214143
649515	8005	0.012013674
649516	8005	0.002500321
649555	8037	9.50511E-05
649555	8037	0.025185211
649563	8037	0.006311889
649563	8037	0.002834352
649564	8037	0.008108108
649564	8028	0.020170719
649564	8037	0.009178669
649564	8028	0.015165491
649565	8028	0.009297136
649565	8028	0.020222961
650305	2001	0.003108364
650306	2001	0.000702008
650309	2001	0.001801037
650310	2001	0.002325408
650311	2001	0.001566725
650312	2001	0.002093597
650313	2001	0.002272817
650314	2001	0.002260054
650315	2001	0.002117301
650316	2001	0.001981742
650317	2001	0.000785948
650317	2001	0.001679973
650318	2001	4.29942E-05
650319	2001	0.004327282
650320	2001	0.003066683
650321	2001	0.005110196
650322	2001	0.005438895
650323	2001	0.00516963
650324	2001	0.00044389
650346	2002	0.002705555
650404	26048	0.011164283
650405	26048	0.011797109
650422	26017	0.009608545
650423	26017	0.004015522
650448	26004	0.035566787
650454	26060	0.035152816
650471	26043	0.00027113
650472	26043	0.043808497
650474	26043	0.012488954
650475	26043	0.019841805
650475	26043	0.000469878
650475	26043	0.011479018
650475	26043	0.014214132
650476	26043	0.005020371
650476	26043	0.022893798
650477	26043	0.02229905
650478	26043	0.023116603
650479	26043	0.006725647
650481	26059	0.000912889
650482	26059	0.017241412
650482	26059	0.038149914
650482	26059	0.033460593
650504	26039	0.005886624
650559	8005	0.000189921
650560	8005	0.005365563
650561	8005	0.005328464
650562	8005	0.005429774
650563	8005	0.004690083
650575	8005	0.009567378
650576	8005	0.01209532
650577	8005	0.000827039
650614	8037	0.024913664
650621	8037	0.001184203
650622	8037	0.014217378
650622	8037	0.013898052
651364	2001	0.001396143
651364	2001	0.001361191
651364	2001	0.000941612
651364	2001	0.00073309
651366	2001	0.002460525
651367	2001	0.001872879
651368	2001	0.00017681
651377	2001	0.004463811
651378	2001	0.002824169
651383	2001	0.003583283
651384	2001	0.003789502
651385	2001	0.003552665
651386	2001	0.002052642
651405	2002	0.003379261
651462	26048	0.003872679
651463	26048	0.01900307
651481	26017	0.012647359
651507	26004	0.008452324
651507	26060	0.027089322
651512	26060	0.018372696
651513	26060	0.016651242
651530	26043	0.000939392
651533	26043	0.004484218
651538	26043	0.014291886
651538	26059	0.011292575
651539	26059	0.048245275
651540	26059	0.048792851
651541	26059	0.013938219
651636	8005	0.0112456
651637	8005	0.002780049
651637	8005	0.004237995
651637	8005	0.008561184
651638	8005	0.010348611
651673	8037	0.024927392
651680	8037	0.015086317
651680	8037	0.004554129
651681	8037	0.009673588
652422	2001	0.000245968
652422	2001	0.001736048
652423	2001	0.001886066
652423	2001	0.000876465
652424	2001	0.001883996
652425	2001	0.000766541
652445	2001	0.003317241
652463	2002	0.002074881
652464	2002	0.001349646
652520	26048	0.009530688
652521	26048	0.020533265
652539	26017	0.001433976
652540	26017	0.003460005
652540	26017	0.008909074
652540	26017	0.00777804
652566	26060	0.00625742
652567	26060	0.03814326
652571	26060	0.035166411
652696	8005	0.010666237
652697	8005	0.000463118
652698	8005	0.010811057
652699	8005	0.010829126
652700	8005	0.010826516
652701	8005	0.01082631
652702	8005	0.010826167
652703	8005	0.004227606
652732	8037	0.014670634
652732	8037	0.002607426
652738	8037	0.006051433
652739	8037	0.008890252
652739	8037	0.01411175
653481	2001	0.004072921
653522	2002	0.001826099
653522	2002	0.001585394
653578	26048	0.018316298
653579	26048	0.012963468
653597	26017	0.001674174
653598	26017	0.015624856
653626	26060	0.009338511
653627	26060	0.034882274
653630	26060	0.03505521
653751	8005	0.000616889
653752	8005	0.011277359
653753	8005	0.011523712
653754	8005	0.010794787
653755	8005	0.001125719
653755	8005	0.009534586
653755	8005	0.002549141
653762	8005	0.006594713
653763	8005	0.010828893
653764	8005	0.010827717
653765	8005	0.005662744
653765	8005	0.002556892
653765	8005	0.002601967
653766	8005	0.010829576
653767	8005	0.008355963
653791	8037	0.01537611
653791	8037	0.001139318
653791	8037	0.001560777
653797	8037	0.013828954
653797	8037	0.011398805
653798	8037	0.006633007
654539	2001	0.000420564
654540	2001	0.00127305
654540	2001	0.001845564
654540	2001	0.002030041
654581	2002	0.003416566
654635	26048	0.004369031
654636	26048	0.00332424
654636	26048	0.019238261
654637	26048	0.004198897
654656	26017	0.009931442
654656	26017	0.004390857
654686	26060	0.01239577
654687	26060	0.040082188
654688	26060	0.029257574
654689	26060	0.005929027
654810	8005	0.005687078
654814	8005	0.011092036
654826	8005	0.002476817
654827	8005	0.010813363
654828	8005	0.010817835
654829	8005	0.010827016
654830	8005	0.010827365
654831	8005	0.010829194
654832	8005	0.002190268
654850	8037	0.002605668
654850	8037	0.015155843
654851	8037	0.003182744
654855	8037	0.003169023
654856	8037	0.010539957
654856	8037	0.013205035
655598	2001	0.002388194
655599	2001	0.001266779
655639	2002	0.00089277
655640	2002	0.002526606
655693	26048	0.017339991
655694	26048	0.018173871
655714	26048	0.009449818
655714	26017	0.000347352
655715	26017	0.006658289
655715	26017	0.000609947
655746	26060	0.004531267
655747	26060	0.029039093
655747	26060	0.031312118
655747	26060	0.003648118
655873	8005	0.010668842
655891	8005	0.008642779
655892	8005	0.010821581
655893	8005	0.010828542
655894	8005	0.010792484
655895	8005	0.010645462
655896	8005	0.010644924
655897	8005	0.01064498
655898	8005	0.010644981
655899	8037	0.009927888
655899	8005	0.002151722
655900	8037	0.012443063
655901	8037	0.012442957
655902	8037	0.011006879
655902	8037	0.001436153
655902	8037	0.003525427
655903	8037	0.012442988
655904	8037	0.012443521
655905	8037	0.012443163
655906	8037	0.012443266
655907	8037	0.012443524
655908	8037	0.014148574
655909	8037	0.007418174
655909	8037	0.005663345
655910	8037	0.005608587
655910	8037	0.000330792
655910	8037	0.003084804
655910	8037	0.007408567
655910	8037	0.01811196
655911	8037	0.024740369
655911	8037	5.34311E-05
655912	8037	0.00739775
655913	8037	0.001512869
655914	8037	0.015077579
655914	8037	0.007784188
655915	8037	0.00542133
656658	2001	0.004411176
656659	2001	0.002059887
656698	2002	0.003416806
656743	26048	0.006744779
656743	26048	0.002259948
656744	26048	0.018916959
656745	26048	0.00519508
656749	26048	0.006773507
656750	26048	0.019539363
656751	26048	0.019869047
656752	26048	0.003030695
656773	26048	0.020808415
656806	26060	0.036470517
656932	8005	0.010662579
656961	8037	0.012448457
656969	8037	0.012889713
656972	8037	0.010417671
656973	8037	0.006867273
656973	8037	0.014690965
657718	2001	0.000480477
657718	2001	0.001261066
657719	2001	0.004102326
657757	2002	0.003416577
657802	26048	0.013536719
657802	26048	0.004910111
657803	26048	0.002126504
657804	26048	0.013223532
657805	26048	0.018446167
657806	26048	0.018400398
657807	26048	0.018917616
657808	26048	0.012697658
657831	26048	0.013524136
657832	26048	0.00727728
657865	26060	0.009927454
657866	26060	0.026882639
657991	8005	0.010669002
658020	8037	0.012449676
658028	8037	0.012848428
658030	8037	0.002548598
658031	8037	0.011137909
658032	8037	0.005557863
658778	2001	0.004006858
658816	2002	0.003420495
658862	26048	0.021749597
658890	26048	0.020784477
658925	26060	0.020964145
658925	26060	0.003825568
659050	8005	0.01067124
659079	8037	0.012449501
659087	8037	0.013379287
659088	8037	0.001419079
659089	8037	0.016707449
659837	2001	0.003525595
659874	2002	0.003196449
659875	2002	0.000225647
659921	26048	0.009740475
659922	26048	0.012081092
659948	26048	0.016801707
659949	26048	0.003973087
660109	8005	0.010669262
660138	8037	0.006552901
660139	8037	0.005897641
660146	8037	0.006922231
660146	8037	0.012713861
660146	8037	0.002301019
660147	8037	0.016286304
660891	2001	0.001372508
660895	2001	0.000925237
660896	2001	0.002691743
660922	2002	0.002265709
660922	2002	1.38569E-05
660923	2002	0.003367932
660933	2002	0.003417772
660981	26048	0.021341562
660982	26048	0.000466749
661007	26048	0.020775743
661168	8005	0.010817003
661198	8037	0.012761063
661205	8037	0.002746554
661950	2001	0.004383834
661954	2001	0.003250936
661954	2001	0.000235007
661954	2001	0.000930306
661955	2001	0.000845441
661960	2001	7.92587E-05
661961	2001	0.000608314
661967	2001	0.001669133
661978	2002	0.002357148
661979	2002	0.003447556
661980	2002	0.003456734
661981	2002	0.001173219
661982	2002	2.11463E-05
661983	2002	0.003415792
661984	2002	0.003423358
661985	2002	0.001826792
661992	2002	0.003428304
662041	26048	0.021803136
662065	26048	0.006724187
662065	26070	0.011331053
662066	26048	0.000785682
662227	8005	0.010847979
662257	8037	0.01245037
663009	2001	0.003223971
663010	2001	0.002532112
663013	2001	0.003549896
663014	2001	0.003933322
663015	2001	0.003601952
663016	2001	0.003962705
663017	2001	0.005030545
663018	2001	0.00168436
663019	2001	0.005336232
663020	2001	0.003189589
663021	2001	0.004254719
663022	2001	0.004280539
663023	2001	0.000220464
663026	2001	0.003714838
663034	2001	0.001683331
663035	2001	0.003480941
663036	2001	0.004154328
663037	2002	0.000425684
663037	2001	0.000697088
663044	2002	0.003694826
663050	2002	0.002223067
663051	2002	0.001191114
663100	26048	0.011267361
663101	26048	0.01046733
663123	26070	0.001985938
663124	26070	0.015920056
663286	8005	0.010855242
663286	8005	0.006805386
663287	8005	0.010924842
663288	8005	0.008684467
663315	8037	0.001412775
663316	8037	0.000727696
663316	8037	0.001383451
663316	8037	0.001252315
664066	2001	0.00195124
664066	2001	0.001512659
664067	2001	0.000631433
664067	2001	0.000193958
664069	2001	0.002368277
664070	2001	0.001843377
664071	2001	0.002440007
664072	2001	0.002660362
664077	2001	0.002224884
664082	2001	0.004687944
664085	2001	0.000589572
664086	2001	0.003295037
664091	2001	0.00215771
664092	2001	0.003521892
664093	2001	0.002476396
664103	2002	0.000732016
664104	2002	0.003819402
664109	2002	0.003413812
664160	26048	0.004186724
664160	26048	0.017597513
664182	26070	0.017842047
664336	8005	0.006286262
664337	8005	0.01065465
664338	8005	0.010656263
664339	8005	0.010657158
664340	8005	0.010652129
664341	8005	0.010652176
664342	8005	0.010648744
664343	8005	0.010648738
664344	8005	0.010797754
664345	8005	0.000571801
664345	8005	0.00212135
664345	8005	0.000813735
664345	8005	0.002180125
665124	2001	0.004563014
665125	2001	0.000551886
665126	2001	0.003431035
665127	2001	0.002669212
665129	2001	0.001021548
665129	2001	0.00129049
665130	2001	0.00392185
665141	2001	0.000739396
665142	2001	0.00453569
665145	2001	0.00364474
665148	2001	0.00284463
665149	2001	0.003792121
665150	2001	0.00188164
665163	2002	0.000559843
665164	2002	0.003884863
665165	2002	0.003581016
665166	2002	0.003408877
665167	2002	9.01478E-05
665168	2002	0.00342494
665219	26048	0.001358181
665220	26048	0.020445192
665240	26070	0.005028995
665241	26070	0.012927111
666182	2001	0.002948283
666183	2001	0.001316965
666186	2001	0.003605875
666188	2001	0.00146088
666188	2001	0.002741237
666188	2001	0.00063474
666189	2001	0.000372146
666201	2001	0.000312996
666202	2001	0.004069475
666203	2001	0.003694673
666204	2001	0.002945031
666204	2001	0.000131884
666204	2001	0.002984723
666205	2001	0.000490561
666206	2001	0.003859451
666207	2001	0.001355364
666226	2002	0.003950984
666226	2002	0.001016488
666226	2002	5.97427E-05
666227	2002	0.002338583
666279	26048	0.013008055
666280	26048	0.008814048
666299	26070	0.017833674
667240	2001	0.000705144
667241	2001	0.004337808
667245	2001	0.00351582
667246	2001	0.001679117
667247	2001	0.002390301
667264	2001	0.002716474
667264	2001	0.00149923
667264	2001	0.002202421
667265	2001	0.001274738
667285	2002	0.003418793
667339	26048	0.021771608
667357	26070	0.007105802
667358	26070	0.010461284
667366	26070	0.001223883
667366	26070	0.017752002
667367	26070	0.003378182
668299	2001	0.003799158
668304	2001	0.001516712
668304	2001	0.00063027
668304	2001	0.003068914
668305	2001	0.003835984
668322	2001	0.002000545
668323	2001	0.001995026
668344	2002	0.003306981
668398	26048	0.002955855
668399	26048	0.018783481
668416	26070	0.017508422
668424	26070	0.015453576
668425	26070	0.004719482
669358	2001	0.003634755
669363	2001	0.00365914
669381	2001	0.003337319
669381	2001	0.000165023
669403	2002	0.003275299
669458	26048	0.014905501
669459	26048	0.00683229
669474	26070	0.00644271
669475	26070	0.010982673
669482	26070	0.018647447
669483	26070	0.008133891
670417	2001	0.000148453
670417	2001	0.000808041
670418	2001	0.001421167
670418	2001	0.003868239
670418	2001	0.000882262
670419	2001	0.00404743
670420	2001	0.002087965
670422	2001	0.002374531
670423	2001	0.002356308
670440	2001	0.003778096
670462	2002	0.003274968
670518	26048	0.022156666
670519	26048	0.006013776
670533	26070	0.004689386
670533	26070	0.012558325
670540	26070	0.016477491
670541	26070	0.003404
671474	2001	0.001941412
671475	2001	0.003911627
671476	2001	0.003685382
671477	2001	0.001872759
671479	2001	0.004213467
671482	2001	0.003625478
671498	2001	0.002758809
671499	2001	0.001212034
671521	2002	0.003294913
671577	26048	0.001731748
671577	26048	0.000539885
671578	26048	0.015307883
671579	26048	0.018720766
671580	26048	0.018739456
671582	26048	0.005546079
671583	26048	0.01965941
671584	26048	0.002659979
671584	26048	0.004238858
671584	26070	0.0036169
671592	26070	0.016241395
671598	26070	0.008981525
671599	26070	0.009476829
672533	2001	0.002386143
672538	2001	0.003505528
672541	2001	0.003767162
672556	2001	0.001538281
672557	2001	0.002874381
672580	2002	0.003311731
672639	26048	0.002286893
672639	26048	0.014376695
672640	26048	0.003204507
672640	26048	0.015955226
672640	26048	0.003594991
672641	26048	0.013868667
672643	26070	0.007716449
672644	26070	0.01726987
672645	26070	0.012611851
672651	26070	0.015822238
672657	26070	0.018665488
673597	2001	0.004336326
673599	2001	0.002618688
673600	2001	0.003360827
673615	2001	0.003594417
673639	2002	0.002612302
673640	2002	0.00070225
673704	26070	0.004642323
673705	26070	0.021008936
673706	26070	0.000368667
673709	26070	0.013676367
673710	26070	0.002181124
673715	26070	0.017859279
673716	26070	0.002966806
674656	2001	0.001484177
674656	2001	0.003920069
674657	2001	0.004032975
674658	2001	0.001068273
674673	2001	0.001451679
674674	2001	0.003541537
674699	2002	0.003297417
674716	26055	0.001440762
674717	26055	0.003549627
674765	26070	0.02073853
674766	26070	0.002742714
674768	26070	0.00785977
674769	26070	0.009089151
674772	26070	0.002678318
674773	26070	0.018822618
674774	26070	0.005546341
675709	2001	0.001756844
675715	2001	0.000797611
675715	2001	1.98655E-05
675715	2001	2.81189E-05
675715	2001	9.35605E-05
675715	2001	0.001004211
675715	2001	0.002089456
675715	2001	0.001888915
675731	2001	0.000690247
675732	2001	0.003673983
675758	2002	0.003582223
675775	26055	0.01324923
675825	26070	0.003571183
675825	26070	0.016565583
675826	26070	0.013815463
675828	26070	0.017597946
675830	26070	0.01259806
675831	26070	0.016201945
676768	2001	0.000945421
676769	2001	0.00393231
676770	2001	0.004047091
676771	2001	0.003837002
676772	2001	0.00358797
676773	2001	0.000915353
676773	2001	0.003522523
676774	2001	0.001095244
676774	2001	0.002282523
676774	2001	0.000687319
676790	2001	0.003670857
676817	2002	0.003591901
676817	2002	0.000379457
676833	26055	0.009369276
676834	26055	0.002129847
676885	26070	0.003216027
676886	26070	0.019935061
676887	26070	0.012574514
676887	26070	0.015135932
676887	26070	0.001051036
676887	26070	0.001015916
676888	26070	0.004520802
676888	26070	0.017690164
676889	26070	0.005757095
677832	2001	0.00322087
677832	2001	0.001776749
677832	2001	0.00109975
677833	2001	1.56362E-05
677849	2001	0.003593948
677876	2002	0.003499267
677892	26055	0.012405421
677946	26070	0.017360804
677947	26070	0.002749024
678889	2001	0.003288253
678890	2001	0.004033743
678891	2001	0.000811337
678907	2001	0.001375531
678908	2001	0.002190966
678935	2002	0.003407114
678950	26055	0.003321118
678951	26055	0.007909897
679003	26070	0.015247088
679004	26070	0.017217819
679005	26070	0.006127542
679948	2001	0.003604052
679966	2001	0.00386682
679993	2002	0.000433136
679994	2002	0.002979375
680009	26055	0.012013347
680059	26070	0.002251935
680060	26070	0.00762165
680060	26070	0.009531266
680061	26070	0.017312083
680062	26070	0.001885679
681006	2001	0.002191467
681007	2001	0.002205222
681024	2001	0.000258921
681024	2001	0.001942238
681025	2001	0.002025363
681051	2002	0.000186413
681052	2002	0.004902621
681067	26055	0.001925805
681068	26055	0.009714654
681108	26070	0.000206852
681116	26070	0.007464211
681117	26070	0.016938959
681118	26070	0.015091006
682062	2001	0.004198021
682063	2001	0.000435723
682064	2001	0.002217914
682065	2001	0.002393746
682082	2001	0.002737352
682083	2001	0.002682867
682109	2002	0.001287294
682110	2002	0.003929873
682126	26055	0.0136952
682167	26070	0.015895927
682171	26070	0.009598382
682172	26070	0.016114071
682173	26070	0.016463608
682174	26070	0.016518004
682174	26070	0.000454904
682175	26070	0.009773089
683119	2001	0.002846528
683119	2001	0.000518737
683120	2001	0.004261326
683121	2001	0.00068275
683123	2001	8.2956E-05
683123	2001	0.007173341
683141	2001	0.003802606
683168	2002	0.003753943
683184	26055	0.013675129
683185	26055	3.20125E-06
683226	26070	0.000476799
683226	26070	0.007558831
683226	26070	0.015649051
683227	26070	0.016160936
683228	26070	0.0161239
683229	26070	0.016148506
683230	26070	0.006507714
684178	2001	0.001027263
684182	2001	0.003546649
684182	2001	0.003277358
684199	2001	0.003248074
684200	2001	0.000633739
684227	2002	0.00332591
684242	26055	0.011787604
684243	26055	0.001956973
684283	26070	0.003387563
684284	26070	0.018775246
684285	26070	0.002384604
684285	26070	0.006921623
685240	2001	0.000482395
685241	2001	0.000839921
685241	2001	0.005999297
685241	2001	0.001822161
685258	2001	0.003873666
685285	2002	0.002046538
685286	2002	0.001279372
685300	26055	0.00787876
685301	26055	0.004455378
685340	26048	0.004863867
685341	26048	0.008192929
685341	26070	0.010294858
685342	26070	0.007110885
685342	26070	0.007037937
686300	2001	0.000649253
686300	2001	0.005528546
686315	2001	0.002315544
686316	2001	0.00402941
686317	2001	0.000405059
686344	2002	0.00332591
686358	26055	0.001987371
686359	26055	0.010534123
686394	26055	0.005327976
686395	26055	0.004505888
686395	26055	0.005895969
686396	26055	0.010915222
686397	26048	0.002470063
686397	26048	0.007570605
686397	26055	0.005512999
686398	26048	0.018395263
686399	26048	0.014230579
687359	2001	0.003436573
687368	2001	0.000851609
687370	2001	0.001514673
687371	2001	0.003170246
687371	2001	0.000423664
687372	2001	0.003601716
687373	2001	0.003589028
687374	2001	0.001465013
687403	2002	0.00332591
687417	26055	0.010998421
687417	26055	0.001533285
687451	26055	0.012281012
687452	26055	0.012140404
687453	26055	0.005800699
688416	2001	0.008251264
688417	2001	0.002975728
688417	2001	0.001934139
688418	2001	0.002080624
688418	2001	0.002739921
688418	2001	0.000961889
688419	2001	0.003915616
688420	2001	0.004055574
688421	2001	0.00427429
688422	2001	0.003013335
688424	2001	0.002958508
688425	2001	0.004594518
688426	2001	0.003555095
688427	2001	0.003490544
688428	2001	0.003538004
688428	2001	7.41125E-05
688429	2001	0.002211474
688462	2002	0.00332591
688475	26055	0.008821946
688476	26055	0.003671169
688509	26055	0.01406946
688510	26055	0.000468117
689474	2001	0.000195592
689474	2001	0.000612822
689474	2001	0.007413338
689475	2001	0.001026941
689481	2001	0.001235669
689482	2001	0.003573397
689483	2001	0.001038233
689521	2002	0.000482415
689521	2002	0.002845081
689528	2002	0.001821817
689533	26055	0.003186817
689534	26055	0.009303442
689564	26055	0.005568865
689565	26055	0.010422056
689566	26055	0.010443331
689567	26055	0.01152092
689568	26055	0.001150756
690531	2001	0.002524377
690532	2001	0.003141107
690532	2001	0.002694815
690532	2001	0.00636123
690533	2001	0.002750502
690533	2001	0.002065331
690534	2001	0.003079186
690579	2002	0.000338249
690580	2002	0.002990966
690587	2002	0.00337555
690592	26055	0.012533143
690621	26055	0.003262689
690622	26055	0.012707516
690623	26055	0.005203867
691590	2001	0.006909893
691591	2001	0.003699019
691593	2001	0.003682582
691638	2002	0.00332782
691646	2002	0.003759635
691650	26055	0.010799011
691651	26055	0.002232016
691680	26055	0.012951794
692649	2001	0.007601506
692650	2001	0.003886684
692652	2001	0.000487952
692653	2001	0.001099965
692653	2001	0.002753339
692697	2002	0.003326568
692705	2002	0.003383011
692708	26055	0.006665045
692709	26055	0.005826186
692737	26055	0.000419727
692738	26055	0.013958659
692739	26055	0.000686901
693706	2001	0.000255514
693707	2001	0.010381753
693708	2001	0.004566997
693709	2001	0.001323805
693709	2001	0.001849225
693709	2001	0.000524782
693709	2001	0.001091323
693710	2001	0.000290783
693710	2001	0.00154601
693711	2001	0.00092073
693711	2001	0.00045643
693711	2001	0.000901816
693712	2001	0.000547884
693712	2001	0.001562035
693712	2001	0.000429808
693712	2001	0.000519196
693712	2001	2.38786E-05
693712	2001	0.00088757
693713	2001	0.00151054
693756	2002	0.003760619
693764	2002	0.003540899
693766	26055	0.003368598
693767	26055	0.010464195
693796	26055	0.004321154
693796	26055	0.009589822
694764	2001	0.000731191
694765	2001	0.00894158
694765	2001	0.000678133
694767	2001	0.003520471
694768	2001	0.001668359
694772	2001	0.00069647
694772	2001	0.003430688
694773	2001	0.001128119
694814	2002	0.001163729
694814	2002	0.001835356
694815	2002	0.001062218
694820	2002	0.00286892
694821	2002	0.003287778
694822	2002	0.003286779
694823	2002	0.003284569
694823	2002	0.001941756
694824	2002	1.60398E-06
694825	26055	0.007041808
694825	26055	0.005056234
694853	26055	0.004253653
694853	26055	0.000269411
694854	26055	0.002423512
694854	26055	0.010702287
694854	26055	0.005236561
694855	26055	0.001077126
695823	2001	0.007694734
695825	2001	0.001231306
695826	2001	0.003020849
695832	2001	0.004001535
695873	2002	0.003632572
695877	2002	0.001069467
695877	2002	0.002204141
695878	2002	0.000377397
695878	2002	0.003290354
695879	2002	0.000421856
695882	2002	0.002987888
695882	2002	0.000272831
695883	2002	0.002416652
695883	2002	0.000596461
695883	2002	0.00077208
695883	26055	0.008555408
695883	2002	6.76521E-05
695883	2002	0.000791987
695883	26055	0.003065131
695884	26055	0.000928182
695884	26055	0.007586842
695884	26055	0.001572613
695911	26055	0.009645089
695912	26055	0.00716271
696882	2001	0.006849832
696884	2001	0.003648295
696890	2001	0.000869909
696891	2001	0.001128526
696891	2001	0.001787269
696892	2001	0.004105306
696892	2001	0.001322624
696892	2001	0.000575309
696921	2002	0.002424599
696932	2002	0.003282001
696936	2002	0.001527532
696937	2002	0.001441634
696937	2002	0.000812047
696941	2002	0.004412721
696943	26055	0.002577417
696943	26055	0.008824339
696943	26055	0.007780796
696944	26055	0.012641677
696968	26055	5.8039E-05
696969	26055	0.011977666
696970	26055	0.005824519
697941	2005	0.018425387
697941	2005	0.025249793
697941	2001	0.00414572
697941	2005	0.002293687
697942	2005	0.004944693
697942	2001	0.003622793
697943	2001	0.00232269
697951	2001	0.001496896
697952	2001	0.003501842
697979	2002	0.003176846
697980	2002	0.00200256
697991	2002	0.003275925
697993	2002	0.000239245
697994	2002	0.004003259
697995	2002	0.002212903
697995	2002	0.003293316
697996	2002	0.00057791
697996	2002	0.003217025
697996	2002	7.19169E-05
697996	2002	0.000612269
697997	2002	0.002704332
697997	2002	0.001080819
697997	2002	0.000583193
697998	2002	0.003292768
697999	2002	0.001411793
697999	2002	0.001521509
697999	2002	0.001187187
697999	2002	0.001497341
697999	2002	0.001059803
698000	2002	0.000203377
698002	26055	0.010325125
698003	26055	0.010379506
698025	26055	0.001974777
698026	26055	0.011346787
698027	26055	0.011265061
699000	2005	0.067625929
699011	2001	0.001709351
699012	2001	0.002655557
699037	2002	0.001727839
699038	2002	0.002533479
699050	2002	0.003276403
699051	2002	0.001897439
699052	2002	0.003766229
699054	2002	0.003366737
699055	2002	0.001824856
699056	2002	0.003291013
699058	2002	0.003246049
699059	2002	0.000403401
699061	26055	0.01032138
699062	26055	0.011065465
699082	26055	0.003966444
699083	26055	0.011338363
699084	26055	0.009334685
700059	2005	0.069060328
700071	2001	0.002859796
700072	2001	0.001834305
700095	2002	0.001558064
700096	2002	0.002734111
700109	2002	0.001691166
700109	2002	0.001584141
700109	2002	0.002456202
700110	2002	0.002125191
700113	2002	0.003290825
700115	2002	0.000560326
700115	2002	0.000551777
700115	2002	0.00215511
700116	2002	0.000532399
700116	2002	0.000752913
700116	2002	0.003197443
700116	2002	0.000516013
700117	2002	0.000543699
700118	2002	0.003665297
700119	2002	0.001908046
700120	26055	0.01249404
700121	26055	0.002475173
700121	26055	0.000328168
700122	26055	0.009504831
700138	26055	0.007475172
700139	26055	0.010422145
700140	26055	0.0112189
700141	26055	0.007372097
701118	2005	0.072598003
701130	2001	0.0022351
701131	2001	0.002490339
701154	2002	0.003584869
701168	2002	0.003283263
701172	2002	0.003306642
701173	2002	0.002231879
701173	2002	0.000415958
701174	2002	0.001790144
701176	2002	0.003449532
701178	2002	0.00261236
701179	2002	0.001925896
701180	26055	0.013381065
701181	26055	0.003835149
701196	26055	0.010547933
701197	26055	0.004196681
702177	2005	0.06938541
702189	2001	0.00363973
702212	2002	0.000920535
702213	2002	0.002700343
702227	2002	0.003280192
702231	2002	0.002687387
702231	2002	0.00015033
702231	2002	0.00018848
702231	2002	0.000764748
702232	2002	5.80739E-05
702232	2002	0.002437184
702232	2002	0.000471445
702235	2002	0.00341446
702238	26055	0.001237759
702238	2002	0.000719516
702238	2002	0.002733098
702238	2002	0.000858435
702239	26055	0.002545838
702239	26055	0.010343448
702240	26055	0.004958813
702240	26055	0.003026556
702240	26055	0.005473194
702253	26055	0.009807742
702254	26055	0.011319815
702255	26055	0.003524689
703235	2005	0.013370039
703235	2005	0.015687034
703236	2005	0.029382153
703248	2004	0.007726232
703248	2003	0.00287158
703248	2001	0.001437763
703271	2002	0.003695086
703286	2002	0.003179243
703286	2002	0.00010083
703290	2002	0.00122905
703290	2002	0.000333324
703290	2002	0.00320444
703294	2002	0.003360314
703295	2002	0.001506643
703296	2002	0.002981355
703296	2002	0.00030738
703297	2002	0.003963838
703299	26055	0.006115236
703300	26055	0.015346402
703301	26055	0.007314055
703309	26055	0.000268145
703310	26055	0.01135399
703311	26055	0.011340299
703312	26055	0.001533738
704293	2005	0.03028316
704294	2005	0.003291248
704294	2005	0.071622374
704307	2004	0.011067595
704307	2003	0.009261404
704330	2002	0.003375852
704344	2002	0.002698626
704345	2002	0.000989421
704349	2002	0.003466234
704353	2002	0.000219375
704353	2002	0.003061796
704353	2002	0.000898887
704354	2002	0.0021389
704355	2002	0.000665172
704355	2002	0.000661332
704355	2002	0.000593976
704356	2002	0.003033789
704360	26055	0.008384122
704361	26055	0.008542077
704366	26055	0.002319329
704367	26055	0.011329128
704368	26055	0.011057288
705350	2005	0.027817038
705351	2005	0.077035635
705352	2005	0.043791737
705365	2003	0.012802749
705366	2003	0.00875097
705366	2003	0.000225391
705389	2002	0.003346852
705403	2002	0.003357144
705406	2002	0.001230044
705406	2002	0.000394456
705407	2002	0.003286292
705408	2002	0.000855838
705408	2002	0.002754141
705408	2002	0.001200224
705408	2002	0.001415458
705408	2002	0.000306221
705409	2002	0.003800457
705410	2002	0.003283841
705411	2002	0.003338196
705412	2002	0.002634832
705412	2002	0.000515897
705412	2002	0.002763389
705415	2002	0.002956638
705416	2002	0.001310803
705420	26055	0.003982092
705421	26055	0.001110691
705421	26055	0.009773298
705422	26055	0.008629217
705422	26055	0.009232922
705422	26055	0.001838563
705423	26055	0.010642062
705423	26055	0.003974122
705424	26055	0.004115841
705424	26055	0.004329041
705424	26055	0.007084178
705425	26055	0.00898688
706409	2005	0.071831379
706424	2003	0.019828343
706448	2002	0.003486023
706462	2002	0.003350757
706464	2002	0.000480429
706465	2002	0.001715734
706465	2002	0.001833299
706467	2002	0.002513106
706467	2002	0.000527237
706467	2002	8.91363E-06
706468	2002	0.000281346
706468	2002	0.000728858
706470	2002	0.000753894
706471	2002	0.002711469
706471	2002	0.000567464
706471	2002	0.00297753
706471	2002	0.000334761
706472	2002	0.00332137
706473	2002	0.003391953
706474	2002	0.00331924
706475	2002	0.003797758
706475	2002	0.003448547
706476	2002	0.000388352
706480	26055	0.002750726
706480	26055	0.007684368
706480	26055	0.006706412
706481	26055	0.011292117
706481	26055	0.013106865
706482	26055	0.00737649
707468	2005	0.003214022
707468	2005	0.062368294
707481	2003	0.002584126
707481	2004	0.00049926
707481	2003	0.007377322
707482	2003	0.019899373
707483	2003	0.027776108
707484	2003	0.011829221
707507	2002	0.003290158
707520	2002	0.000594813
707521	2002	0.002736507
707521	2002	1.96561E-05
707523	2002	0.004205232
707526	2002	0.002577068
707526	2002	0.001735633
707526	2002	0.002309768
707527	2002	0.000341012
707527	2002	0.003229494
707528	2002	0.003322862
707529	2002	0.002570166
707530	2002	0.000962373
707531	2002	0.002490959
707534	2002	0.000112148
707535	2002	0.003513736
707535	2002	0.003654295
707536	2002	0.003286288
707536	2002	0.003282884
707537	2002	0.00494239
707537	2002	0.000318018
707537	2002	0.003323005
707537	2002	0.003542706
707538	2002	0.000833752
707538	2002	0.000567783
707538	2002	0.006008466
707538	2002	0.000552807
707538	2002	0.00124242
707539	26055	0.009880688
707539	2002	0.000167602
708526	2005	0.005895455
708527	2005	0.028862952
708540	2003	0.000456737
708540	2003	0.003028465
708541	2003	0.01556874
708566	2002	0.002185198
708567	2002	0.001186993
708579	2002	0.003348978
708581	2002	0.002539898
708582	2002	0.001405946
708585	2002	0.003286191
708589	2002	0.000939479
708590	2002	0.002482732
708592	2002	0.00268051
708593	2002	0.00197541
708593	2002	0.000226812
708594	2002	0.001158178
708594	2002	0.003873146
708595	2002	0.007205915
708596	2002	0.001931163
708597	2002	0.00365769
709585	2005	0.001068302
709585	2005	0.036061792
709585	2005	0.007302061
709586	2005	0.02702835
709596	2004	0.009906538
709600	2003	0.019322231
709626	2002	0.003306379
709638	2002	0.003353409
709640	2002	0.003541048
709644	2002	0.003292739
709648	2002	0.003332334
709651	2002	0.003286712
709656	2002	0.003310376
710644	2005	0.023516032
710644	2005	0.033259559
710645	2005	0.040011555
710654	2004	0.002503122
710655	2004	0.006823367
710659	2003	0.011611587
710660	2003	0.0072346
710672	2003	0.006720974
710673	2003	0.01770889
710674	2003	0.019872338
710675	2003	0.001688748
710685	2002	0.003299122
710697	2002	0.003347154
710698	2002	0.00109994
710698	2002	0.000673582
710699	2002	0.001634105
710699	2002	7.94512E-05
710700	2002	0.000215232
710701	2002	0.003399853
710702	2002	0.003289617
710703	2002	0.001371557
710703	2002	0.001918013
710703	2002	0.001883435
710704	2002	0.00257728
710704	2002	0.000235318
710704	2002	0.000474648
710705	2002	0.003288209
710706	2002	0.003295808
710707	2002	0.00324249
710707	2002	4.77743E-05
710707	2002	0.000412733
710708	2002	0.003274481
710709	2002	0.001957106
710709	2002	0.001511538
710710	2002	0.001513332
710710	2002	0.001565675
710710	2002	0.000533054
710710	2002	0.001577932
710710	2002	0.002046127
710711	2002	0.001155689
710715	2002	0.003310376
711703	2004	0.031538409
711703	2005	0.004195165
711704	2004	0.013896429
711704	2005	0.012139886
711704	2005	0.001381549
711705	2004	0.01015015
711705	2004	0.011319622
711709	2004	0.019474307
711710	2004	0.017773586
711711	2004	0.016000896
711713	2004	0.009488075
711719	2003	0.021738801
711730	2003	0.01173153
711730	2003	0.007474481
711731	2003	0.014019016
711734	2003	0.019862478
711735	2003	0.012427332
711735	2003	0.005097264
711744	2002	0.003301164
711753	2002	0.001086019
711756	2002	0.003346778
711758	2002	0.001732045
711758	2002	0.001098996
711758	2002	0.002870537
711759	2002	0.003370707
711768	2002	0.001048131
711769	2002	0.002424553
711770	2002	0.002495842
711771	2002	0.00367371
711772	2002	0.001082403
711774	2002	0.002091887
711774	2002	0.001844632
711774	2002	0.000403297
711775	2002	0.00133722
712761	2004	0.026794633
712762	2004	0.009569603
712764	2004	0.005162658
712764	2004	0.005277687
712764	2004	0.005733545
712764	2004	0.00011253
712764	2004	0.01405494
712767	2004	0.002666694
712767	2004	0.007021647
712767	2004	0.009312968
712768	2004	0.003335956
712770	2004	0.001823021
712771	2004	0.017771522
712772	2004	0.001725006
712772	2004	0.015968205
712772	2004	0.00457578
712773	2004	0.021325418
712774	2004	0.009380264
712778	2003	0.02477841
712786	2003	0.008826502
712787	2003	0.017385394
712788	2003	0.017226483
712789	2003	0.003024351
712794	2003	0.000599379
712795	2003	0.01352986
712795	2003	0.007407414
712800	2003	0.001324972
712800	2002	0.000859055
712801	2002	0.003299217
712802	2002	0.003273475
712803	2002	0.002107601
712803	2002	0.001165756
712803	2002	0.003283361
712804	2002	0.003273325
712805	2002	0.000845843
712809	2002	0.001717193
712810	2002	0.000405523
712810	2002	0.003014281
712810	2002	0.001184555
712812	2002	0.003388234
712814	2002	0.001782788
712815	2002	0.00157933
712816	2002	0.001616699
712817	2002	0.002935335
712820	2002	0.001032463
712821	2002	0.00332936
712822	2002	0.003332383
712823	2002	0.003289742
712824	2002	0.003286682
712825	2002	0.003295069
712826	2002	0.003284719
712827	2002	0.002553607
712827	2002	0.0016393
712827	2002	0.000733944
712828	2002	0.004055751
712829	2002	0.001000318
712831	2002	0.002507467
712832	2002	0.003334383
712833	2002	0.000651622
712833	2002	0.002857828
712833	2002	0.001784812
712834	2002	0.002692062
712835	2002	0.003916455
712836	2002	0.00011002
713820	2004	0.033931057
713823	2004	0.000800522
713823	2004	0.029769652
713824	2004	0.007305969
713825	2004	0.007349521
713826	2004	0.013306933
713833	2004	0.018433413
713833	2004	0.00374907
713834	2004	0.001290623
713836	2003	0.023451058
713837	2003	0.000749111
713842	2003	0.008757647
713843	2003	0.017195616
713844	2003	0.017180589
713845	2003	0.013331325
713854	2003	0.00164266
713854	2003	0.01935426
713855	2003	0.02676403
713856	2003	0.005604064
713857	2003	0.020980216
713858	2003	0.016874093
713859	2003	0.005037869
713859	2003	0.006180527
713864	2002	0.002797332
713865	2002	0.000841602
713865	2002	0.002634524
713866	2002	0.003266711
713866	2002	0.000185479
713866	2002	0.001073869
713867	2002	0.0035697
713868	2002	0.001857696
713869	2002	0.00018482
713869	2002	0.003501908
713870	2002	0.003637311
713871	2002	0.000790246
713871	2002	0.002629761
713871	2002	0.002501271
713872	2002	0.003565126
713873	2002	0.00122118
713873	2002	0.002778542
713873	2002	0.002089727
713873	2002	0.001270066
713874	2002	0.002156608
713875	2002	0.002850314
713878	2002	0.002130724
713879	2002	0.004066425
713888	2002	0.004267522
713889	2002	0.00339178
713890	2002	0.003284087
713891	2002	0.00332496
713892	2002	0.001058531
713892	2002	0.002401683
713892	2002	0.002227371
713893	2002	0.003319475
713894	2002	0.003405314
713895	2002	0.004207592
714879	2004	0.001297193
714879	2004	0.035337184
714879	2004	0.002967285
714880	2004	0.000687797
714881	2004	0.010568282
714882	2004	0.004717691
714882	2004	0.046933939
714882	2004	0.007813551
714883	2004	0.020699544
714884	2004	0.014238925
714884	2004	0.004815122
714890	2004	0.003888962
714891	2004	0.046352014
714892	2004	0.03403131
714893	2004	0.002150572
714893	2004	0.000198339
714893	2003	0.00579408
714893	2003	0.034908478
714893	2004	0.003626729
714894	2003	0.03392955
714894	2003	0.002015651
714895	2003	0.011025369
714895	2003	0.003392925
714895	2003	0.004016727
714895	2003	0.014487323
714895	2003	0.005971183
714897	2003	0.012845071
714898	2003	0.017399417
714899	2003	0.00806652
714900	2003	0.018339419
714901	2003	0.012839462
714901	2003	0.00155288
714913	2003	0.01777988
714914	2003	0.010446592
714914	2003	0.02002178
714915	2003	0.014322514
714915	2003	0.000960623
714915	2003	0.020214898
714916	2003	0.032807778
714917	2003	0.018784031
714918	2003	0.007271893
714918	2003	0.009864513
714918	2002	0.000211229
714919	2002	0.003322053
714920	2002	0.003317538
714921	2002	0.003465223
714922	2002	0.001700561
714925	2002	0.003359023
714928	2002	0.001999097
714928	2002	0.001549248
714932	2002	0.002264593
714932	2002	0.002240393
714932	2002	0.001392664
714932	2002	0.00107164
714933	2002	0.002081142
714933	2002	0.003327939
714934	2002	0.003288577
714935	2002	0.003356535
714936	2002	0.003526791
714937	2002	0.001386483
714954	2002	0.00580299
714955	2002	0.003081214
715938	2004	0.003096431
715939	2004	0.005260656
715939	2004	0.013517004
715939	2004	0.009479297
715939	2004	0.033621246
715940	2004	0.026872031
715941	2004	0.008591753
715941	2004	0.001019946
715941	2004	0.008726771
715942	2004	0.000381306
715942	2004	0.016686921
715943	2004	0.016252078
715944	2004	0.016712842
715945	2004	0.016746012
715946	2004	0.006358783
715946	2004	0.020827099
715947	2004	0.007745002
715947	2004	0.029320723
715948	2004	0.041772463
715949	2004	0.030970768
715954	2003	0.013060904
715954	2003	0.013948489
715954	2003	0.001767978
715955	2003	0.018429916
715956	2003	0.004864043
715958	2003	0.011374112
715959	2003	0.00151937
715981	2002	0.001918795
715982	2002	0.003440279
715983	2002	0.003299528
715984	2002	0.001882546
715984	2002	0.00192642
715984	2002	0.000428795
715987	2002	0.000337628
716014	2002	0.001741763
