GRIDCODE,CVE_ENTCVE_MUN,Fa
624897,2001,0.000840939
624898,2001,0.002242363
625007,26017,0.000870252
625008,26017,0.003782746
625009,26017,0.007025954
625010,26017,0.002758602
625011,26017,0.005345162
625012,26017,0.001631888
625014,26017,0.003200783
625015,26017,0.002078036
625023,26004,0.006221739
625023,26047,0.004268565
625024,26004,0.029391564
625024,26047,0.000310994
625025,26004,0.029835107
625026,26004,0.008369614
625038,26064,0.000728643
625038,26065,0.000183546
625039,26064,0.007873532
625039,26065,0.106032916
625047,26058,0.065799643
625048,26058,0.000375966
625052,26036,0.000129183
625053,26036,0.05737489
625054,26036,0.059202614
625055,26036,0.004971998
625056,26036,0.027514164
625057,26036,0.010860828
625084,26011,0.006291529
625094,26027,0.008553524
625095,26027,0.019123349
625096,26027,0.000185929
625097,26027,0.032696123
625098,26027,0.00086681
625135,8035,6.48943E-05
625136,8035,0.006248891
625137,8035,0.010273669
625138,8035,0.000405316
625149,8050,0.009802341
625150,8050,0.033836916
625151,8050,0.001898578
625194,8001,0.000976291
625195,8001,0.018400938
625196,8001,0.01984764
625197,8001,0.022331845
625198,8001,0.014206106
625957,2001,0.000189764
626047,26017,1.75124E-05
626048,26017,0.002008526
626049,26017,0.000473982
626066,26017,0.002390416
626067,26017,0.007033535
626068,26017,0.003328291
626069,26017,0.000219589
626070,26017,0.000688019
626071,26017,0.000180657
626073,26017,0.00387824
626074,26017,0.00274491
626080,26047,0.00078628
626081,26004,0.007733096
626081,26047,0.002150422
626082,26004,0.026005997
626082,26047,0.000899006
626083,26004,0.029314137
626084,26004,0.02543657
626085,26004,0.001979747
626098,26065,0.113180639
626106,26036,0.010946688
626106,26058,0.015915873
626107,26036,0.011087351
626107,26058,0.001745175
626112,26036,0.00031301
626113,26036,0.117452447
626114,26036,0.091432844
626115,26036,0.047899233
626116,26036,0.003117726
626154,26027,0.015165744
626155,26027,0.035598107
626156,26027,0.029206008
626157,26027,0.016339196
626195,8035,0.005743432
626196,8035,0.006745937
626197,8035,0.010632151
626198,8035,0.009861162
626199,8035,6.30222E-05
626208,8050,0.000651511
626253,8001,7.89775E-05
626254,8001,0.0009978
626256,8001,0.003930349
626257,8001,0.007040463
627014,2001,1.54986E-05
627015,2001,0.001650432
627016,2001,0.000126622
627106,26017,0.003420394
627107,26017,0.007033535
627108,26017,0.005661277
627109,26017,1.52921E-05
627124,26017,0.002063782
627125,26017,0.006911455
627126,26017,0.007033535
627127,26017,0.007033535
627128,26017,0.005584189
627129,26017,0.004000404
627130,26017,0.002362783
627131,26017,0.002920859
627132,26017,0.006381226
627133,26017,0.00118655
627136,26047,0.003690554
627137,26047,0.001541957
627138,26047,0.005014299
627139,26047,0.019343181
627140,26004,0.006836241
627140,26047,0.016125882
627141,26004,0.021156921
627141,26047,0.003431395
627142,26004,0.029651629
627143,26004,0.020165943
627157,26065,0.08922028
627172,26036,0.030289175
627173,26035,0.003377422
627173,26036,0.056891052
627192,26006,0.035244117
627214,26027,0.000863622
627215,26027,0.035038137
627216,26027,0.03783118
627226,26002,0.00106786
627226,26015,0.001131801
627244,8035,0.00981533
627245,8035,0.002465895
627246,8035,0.002262295
627254,8035,0.002811998
627255,8035,0.005596708
627256,8035,0.000322363
627257,8035,0.011128269
627258,8035,0.00786111
628073,2001,0.001318259
628074,2001,0.003819341
628075,2001,0.00021015
628164,26017,0.001552637
628165,26017,0.006829802
628166,26017,0.007033535
628167,26017,0.007033535
628168,26017,0.002606337
628182,26017,0.0002472
628183,26017,0.006256602
628184,26017,0.007033535
628185,26017,0.007033535
628186,26017,0.007033535
628187,26017,0.007033535
628188,26017,0.007033535
628189,26017,0.00692369
628190,26017,0.007033517
628191,26017,0.007033535
628192,26017,0.00447137
628193,26017,0.000413081
628194,26047,2.29245E-05
628195,26047,0.017368606
628196,26047,0.007840029
628197,26047,0.019750921
628198,26047,0.020766931
628199,26047,0.011337544
628200,26004,0.000632601
628200,26047,0.004332463
628201,26004,0.024420837
628202,26004,0.018289953
628203,26004,0.000313666
628216,26065,0.104067086
628217,26065,0.007758253
628232,26035,0.057402928
628232,26036,1.57824E-05
628233,26035,0.003740128
628251,26006,0.037623864
628251,26019,0.038451377
628274,26027,0.000961331
628275,26027,0.037492241
628285,26002,0.024320894
628285,26015,0.017864159
628286,26002,0.030813707
628286,26015,0.11290578
628287,26002,0.021119442
628287,26015,0.042173603
628288,26002,0.007422116
628288,26015,0.01078436
628303,8035,0.010146791
628304,8035,0.015363466
628305,8035,0.007863864
628313,8035,0.003561748
628314,8035,0.006065487
628316,8035,0.005178718
628317,8035,0.016500339
628318,8035,0.00940997
628319,8035,0.004168968
628320,8035,0.0056816
628321,8035,0.005345914
629130,2001,1.89502E-07
629131,2001,0.002425593
629132,2001,0.003797521
629133,2001,0.001915941
629223,26017,0.005065027
629224,26017,0.007033535
629225,26017,0.004751544
629226,26017,0.004661342
629227,26017,0.006276793
629228,26017,0.000644472
629229,26017,0.000146843
629230,26017,3.18924E-06
629241,26017,0.0025691
629242,26017,0.007033535
629243,26017,0.007033535
629244,26017,0.007033535
629245,26017,0.007033535
629246,26017,0.006080481
629247,26017,0.004548783
629248,26017,0.000896069
629249,26017,0.006916299
629250,26017,0.007033535
629251,26017,0.006614351
629252,26017,0.002836636
629253,26017,0.000586721
629253,26047,0.006884511
629254,26047,0.012914403
629255,26047,0.008507127
629256,26047,0.02091918
629257,26047,0.019375037
629258,26047,0.000194023
629260,26004,0.009632008
629261,26004,0.025375459
629262,26004,0.014197172
629263,26004,0.008197623
629263,26046,0.016903135
629264,26004,0.000338791
629264,26046,0.055911981
629265,26046,0.001243011
629275,26065,0.049743817
629276,26065,0.085138057
629291,26035,0.009889972
629292,26035,0.084274398
629293,26035,0.021875854
629294,26035,0.009123695
629309,26019,0.022511266
629310,26019,0.325865084
629334,26027,0.031263327
629345,26002,0.062199316
629363,8035,0.013375785
629364,8035,0.015294234
629365,8035,0.000350903
629372,8035,0.00136013
629373,8035,0.002635154
629374,8035,0.000487067
629375,8035,0.015005694
629376,8035,0.010569813
629377,8035,0.003373125
629378,8035,0.007462924
629379,8035,0.016432941
629380,8035,0.009972052
629381,8035,0.001237818
629402,8005,0.013208966
629403,8005,0.016221819
629404,8005,0.002106772
629464,8028,0.004998148
630189,2001,3.27327E-05
630190,2001,0.002168399
630191,2001,0.002972783
630192,2001,0.001242304
630281,26017,5.78953E-05
630282,26017,0.005966467
630283,26017,0.006162108
630284,26017,0.000989874
630286,26017,0.004806906
630287,26017,0.006006186
630288,26017,0.004023878
630289,26017,0.003451825
630299,26017,0.000248054
630300,26017,0.006036438
630301,26017,0.007016874
630302,26017,0.006825255
630303,26017,0.006988705
630304,26017,0.007024753
630305,26017,0.003430066
630306,26017,0.003296889
630307,26017,0.000665229
630308,26017,0.005490155
630309,26017,0.005855761
630310,26017,0.001478386
630311,26017,0.003549519
630312,26017,0.003739298
630312,26047,0.009797739
630313,26017,8.33021E-07
630313,26047,0.020545665
630314,26047,0.02081627
630315,26047,0.02091918
630316,26047,0.014892427
630320,26004,7.12193E-06
630321,26004,0.000617337
630322,26004,0.006563268
630322,26046,0.017968251
630323,26004,2.48784E-05
630323,26046,0.165169457
630324,26046,0.190057639
630325,26046,0.028072664
630334,26065,2.15008E-06
630335,26065,0.019888797
630351,26035,0.052141071
630352,26035,0.075867516
630353,26035,0.086157318
630354,26035,0.057763742
630355,26035,0.046278951
630356,26035,0.001006394
630369,26019,0.012171018
630393,26027,0.044252146
630394,26027,0.005972339
630403,26002,0.001979584
630404,26002,0.077185549
630422,8035,0.013782419
630423,8035,0.014529395
630424,8035,0.001113467
630425,8035,0.001698218
630434,8035,0.00233291
630435,8035,0.001071043
630438,8035,0.008625065
630439,8035,0.011236338
630440,8035,0.005338377
630461,8005,0.00959202
630462,8005,0.018575577
630463,8005,0.001171443
630521,8028,0.006434601
630522,8028,0.017760032
630523,8028,0.003406819
631247,2001,0.000243004
631248,2001,0.002944551
631249,2001,0.003935514
631250,2001,0.004025277
631251,2001,0.003819324
631252,2001,0.000456169
631340,26017,0.000533263
631341,26017,0.002877867
631342,26017,0.006425162
631343,26017,9.40975E-05
631345,26017,0.000360282
631346,26017,0.000842962
631347,26017,0.005975981
631348,26017,0.006978233
631349,26017,0.002919537
631358,26017,0.00322152
631359,26017,0.007033535
631360,26017,0.00703352
631361,26017,0.007020526
631362,26017,0.003307991
631363,26017,0.000729226
631365,26017,0.000771615
631366,26017,0.000194599
631368,26017,0.000204985
631370,26017,0.000474974
631371,26017,0.001089929
631372,26017,8.0798E-05
631372,26047,0.016229305
631373,26047,0.016863918
631374,26047,0.005044027
631375,26004,8.39464E-05
631375,26047,0.004789376
631383,26046,0.004486089
631384,26046,0.172352693
631385,26046,0.095287504
631410,26035,0.055447804
631411,26035,0.041214179
631412,26035,0.014619494
631414,26035,0.024609634
631415,26035,0.010687962
631446,26027,0.004770458
631447,26027,0.021834131
631448,26027,0.010058531
631449,26027,0.023397617
631450,26027,0.035299416
631451,26027,0.042938639
631452,26027,0.073129875
631453,26027,0.027234077
631462,26002,0.03843612
631463,26002,0.049067471
631477,8035,0.003433703
631478,8035,0.013537701
631479,8035,0.014618998
631480,8035,0.010490891
631481,8035,0.012846492
631482,8035,0.016747237
631483,8035,0.016275879
631484,8035,0.016558736
631485,8035,0.005039298
631497,8035,1.5981E-05
631498,8035,0.011797413
631499,8035,0.00418449
631519,8005,0.00259636
631520,8005,0.014311112
631521,8005,0.008775455
631580,8028,0.018810389
632304,2001,0.000261258
632305,2001,0.00162351
632306,2001,0.002349293
632307,2001,0.004021759
632308,2001,0.004023018
632309,2001,0.003565486
632310,2001,0.004025277
632311,2001,0.002131508
632400,26017,0.001695241
632401,26017,0.002475631
632402,26017,0.004805888
632403,26017,0.004535821
632404,26017,0.000665506
632406,26017,0.00171186
632407,26017,0.005715938
632408,26017,0.006611674
632409,26017,0.003186836
632416,26017,0.002845564
632417,26017,0.006932384
632418,26017,0.005311052
632419,26017,0.002701993
632420,26017,0.002672117
632421,26017,0.001062667
632431,26047,0.00224815
632443,26046,0.000179914
632444,26046,0.134574331
632445,26007,0.11256523
632445,26046,0.108516209
632446,26007,0.022284225
632469,26035,0.002645676
632470,26035,0.027587439
632471,26035,0.045495449
632504,26027,0.003683572
632505,26027,0.038156131
632506,26027,0.00822005
632507,26027,0.000781272
632511,26027,0.00135582
632512,26027,0.034219128
632521,26002,0.062425179
632522,26002,0.001481182
632536,8035,0.000919841
632537,8035,0.015816053
632538,8035,0.016747237
632539,8035,0.016747237
632540,8035,0.016747237
632541,8035,0.016747237
632542,8035,0.016456531
632543,8035,0.01564171
632544,8035,0.012844031
632545,8035,2.87104E-06
632557,8035,0.009362713
632558,8035,0.000622873
632578,8005,0.00340966
632579,8005,0.001739498
632580,8005,7.90023E-06
632638,8028,8.22515E-06
632639,8028,0.016240918
633363,2001,1.72758E-05
633364,2001,0.00172459
633365,2001,0.004025277
633366,2001,0.002952227
633367,2001,0.003578684
633368,2001,0.001526282
633369,2001,0.001880766
633370,2001,0.000265948
633459,26017,5.73907E-05
633460,26017,0.004289308
633461,26017,0.000165545
633462,26017,0.001261141
633463,26017,0.001655953
633464,26017,0.001099423
633465,26017,0.00345397
633466,26017,0.00300634
633467,26017,0.002959248
633468,26017,0.005110622
633469,26017,0.002717534
633475,26017,0.000319138
633476,26017,0.003908243
633477,26017,0.004917424
633478,26017,0.006413744
633479,26017,0.003166989
633504,26007,0.060633084
633504,26046,0.009277121
633505,26007,0.269221688
633506,26007,0.164597841
633507,26007,0.011166086
633529,26035,0.030686497
633530,26035,0.030185801
633563,26027,0.017450133
633564,26027,0.01374744
633571,26027,0.031041463
633572,26027,0.005840034
633580,26002,0.085071242
633595,8035,0.003542765
633596,8035,0.015986392
633597,8035,0.016747237
633598,8035,0.016747237
633599,8035,0.016747237
633600,8035,0.016747237
633601,8035,0.001112016
633616,8035,0.008134455
633620,8005,0.000159378
633621,8005,0.001761857
633697,8028,0.014065505
633698,8028,0.005702143
634423,2001,0.000349613
634424,2001,0.003967533
634425,2001,0.00351606
634426,2001,0.004025277
634427,2001,0.004017773
634428,2001,0.001302013
634429,2001,0.000305421
634519,26017,0.003206981
634520,26017,0.003544325
634521,26017,0.003724949
634522,26017,0.000822903
634523,26017,0.002245452
634524,26017,0.001605123
634525,26017,0.000515021
634526,26017,0.000274911
634527,26017,0.005912968
634528,26017,0.006987354
634529,26017,0.004862215
634530,26017,0.003429659
634531,26017,0.003682475
634532,26017,0.000433851
634533,26017,0.00019338
634534,26017,2.60356E-05
634536,26017,0.000541698
634537,26017,0.002647651
634538,26017,0.003977539
634539,26017,0.000865679
634556,26004,0.000807477
634557,26004,0.004910911
634565,26007,0.075805736
634566,26007,0.224281648
634567,26007,0.059427241
634567,26065,0.01327757
634588,26035,0.051675364
634589,26035,0.003397467
634622,26027,0.000703297
634630,26027,0.004019349
634631,26027,0.039006424
634639,26002,0.097079174
634654,8035,0.001218615
634655,8035,0.011757112
634655,26002,0.001375199
634656,8035,0.015981176
634656,26002,0.006473468
634657,8035,0.013530777
634657,26002,0.008831802
634658,8035,0.012479478
634659,8035,0.011994473
634660,8035,0.000455644
634675,8035,0.009763936
634676,8035,0.004321152
634679,8005,0.004234247
634679,8035,0.000225702
634680,8005,0.008042342
634751,8028,0.001640504
634752,8028,0.000216453
634754,8028,0.00023024
634755,8028,0.013429831
634756,8028,0.018471031
635482,2001,0.000541399
635483,2001,0.004004914
635484,2001,0.003201117
635485,2001,0.003663121
635486,2001,0.001661896
635487,2001,2.38473E-05
635510,2001,5.33435E-05
635511,2001,0.000596956
635578,26017,0.001302378
635579,26017,0.004272587
635580,26017,0.005259866
635581,26017,0.005976887
635582,26017,0.00666798
635583,26017,0.005785383
635584,26017,0.006199999
635585,26017,0.004824332
635586,26017,0.007033535
635587,26017,0.007033535
635588,26017,0.006663586
635589,26017,0.006725063
635590,26017,0.007033535
635591,26017,0.006256536
635592,26017,0.004915064
635593,26017,0.000525403
635595,26017,0.000902127
635597,26017,0.003366938
635598,26017,0.001530691
635615,26004,0.010474155
635616,26004,0.00428599
635626,26007,1.72214E-05
635626,26065,0.003773785
635628,26065,0.118931522
635629,26065,0.03378702
635647,26035,0.040476771
635648,26035,0.005221112
635690,26027,0.01676045
635691,26027,0.028580897
635692,26027,0.010929803
635697,26002,0.01863718
635698,26002,0.058487363
635714,26002,0.026573383
635715,26002,0.03302658
635716,26002,0.025787393
635717,8035,8.66753E-05
635718,8035,0.001813004
635734,8035,0.007707885
635735,8005,0.002939129
635735,8035,0.013798498
635736,8005,0.009341013
635736,8035,0.006288631
635737,8005,0.010487534
635737,8035,0.002768612
635738,8005,0.014137205
635738,8035,3.28737E-05
635739,8005,0.00887889
635810,8028,0.022563713
635811,8028,0.011286137
635812,8028,0.003834403
635813,8028,0.019535589
635814,8028,0.010227249
636541,2001,0.000288705
636542,2001,0.004007198
636543,2001,0.003978545
636544,2001,0.003333543
636545,2001,0.000134766
636569,2001,0.000365415
636570,2001,0.003276271
636571,2001,0.000405662
636640,26017,0.002160929
636641,26017,0.007033535
636642,26017,0.007033535
636643,26017,0.007033535
636644,26017,0.007033535
636645,26017,0.007033535
636646,26017,0.007033535
636647,26017,0.007033535
636648,26017,0.007033535
636649,26017,0.006578969
636650,26017,0.00689413
636651,26017,0.004107277
636654,26017,0.002263639
636671,26004,0.000154057
636672,26004,0.002567378
636673,26004,0.014459088
636674,26004,0.005423382
636687,26065,0.002746871
636688,26065,0.108692259
636689,26065,0.048121328
636706,26035,0.002482771
636707,26035,0.002261654
636751,26027,0.028999287
636756,26002,0.057522505
636757,26002,0.003416166
636794,8005,0.00705734
636794,8035,0.002273905
636795,8005,0.020409463
636796,8005,0.020409463
636797,8005,0.020409463
636798,8005,0.006583857
636868,8028,0.00139167
636869,8028,0.029577321
636870,8028,0.037086551
636871,8028,0.011229108
636872,8028,2.84454E-05
637600,2001,9.43241E-05
637601,2001,0.003490174
637602,2001,0.003689483
637603,2001,0.004004575
637604,2001,0.000443357
637628,2001,0.000833014
637629,2001,0.00343355
637630,2001,0.000273725
637694,26017,1.31087E-05
637695,26017,0.000794049
637696,26017,7.45167E-05
637697,26017,0.000575169
637698,26017,0.001482908
637699,26017,0.006113227
637700,26017,0.00360087
637701,26017,0.003478939
637702,26017,0.006237982
637703,26017,0.006524862
637704,26017,0.007033535
637705,26017,0.00690891
637706,26017,0.002185742
637707,26017,0.000465412
637708,26017,0.001953088
637709,26017,0.002181517
637710,26017,0.00017088
637729,26004,0.00525747
637730,26004,0.026209663
637731,26004,0.017798362
637732,26004,0.013986426
637734,26004,0.00187735
637748,26065,0.022641745
637764,26035,0.002022663
637765,26035,0.02083028
637810,26027,0.017456706
637815,26002,0.000557249
637853,8005,0.00059585
637854,8005,0.007621356
637855,8005,0.020409463
637856,8005,0.020409463
637857,8005,0.013425378
637858,8005,0.014839038
637859,8005,0.006162495
637927,8028,0.016334109
637928,8028,0.027841575
637929,8028,0.010384528
638660,2001,0.002259802
638661,2001,0.003895156
638662,2001,0.002328078
638663,2001,7.63445E-05
638687,2001,3.11938E-05
638688,2001,0.001061854
638753,26017,1.30557E-05
638754,26017,0.0014482
638755,26017,0.003310562
638756,26017,0.003459089
638757,26017,0.000914246
638758,26017,0.001022329
638760,26017,0.001468531
638761,26017,0.000261534
638762,26017,0.000793155
638763,26017,0.002185608
638764,26017,0.002564127
638787,26004,2.33166E-07
638788,26004,0.023310827
638789,26004,0.026939861
638790,26004,0.004410418
638791,26004,0.005159209
638792,26004,0.001445058
638793,26004,0.026425141
638794,26004,0.003706842
638806,26065,0.001361427
638807,26060,0.001180032
638807,26065,0.051251952
638823,26035,0.014840844
638824,26035,0.047674691
638908,8035,0.004041639
638909,8035,0.001019412
638913,8005,0.001206542
638914,8005,0.014367581
638915,8005,0.020104607
638916,8005,0.013288546
638917,8005,0.019951382
638918,8005,0.006649212
638985,8028,0.005689583
638985,8053,0.007273308
638986,8028,0.042156115
638987,8028,0.005874831
639718,2001,0.000118043
639719,2001,0.000861303
639720,2001,0.002177109
639721,2001,0.000712703
639816,26017,0.003302581
639817,26017,0.002185707
639819,26017,0.001544889
639820,26017,0.000512993
639846,26004,0.013581367
639847,26004,0.020804786
639848,26004,0.019984906
639849,26004,0.027247685
639850,26004,0.014787738
639851,26004,0.000455694
639852,26004,0.006863689
639866,26060,0.062772614
639866,26065,0.020198979
639882,26035,0.001801027
639882,26043,0.007713033
639883,26035,0.013545991
639883,26043,0.011340287
639965,8035,0.00050314
639966,8035,0.010430861
639967,8035,0.015063154
639968,8035,0.012139748
639969,8035,0.00344357
639974,8005,0.002013126
639975,8005,3.14141E-06
639976,8005,0.009043619
639977,8005,0.01709901
639978,8005,0.001906472
640043,8053,0.015055466
640044,8028,0.00014081
640044,8053,0.069652172
640045,8028,0.006020644
640045,8053,0.009728644
640777,2001,0.003169082
640778,2001,0.00378401
640779,2001,0.002784712
640780,2001,0.000157446
640873,26017,0.000175226
640874,26017,0.000596468
640875,26017,0.000706142
640876,26017,2.30554E-05
640877,26017,0.000623214
640878,26017,0.004032348
640879,26017,0.00256269
640903,26017,0.003214304
640904,26004,0.0180689
640904,26017,0.001460945
640905,26004,0.021050417
640906,26004,0.000184524
640907,26004,0.005781517
640908,26004,0.027805166
640909,26004,0.020733737
640910,26004,1.82139E-05
640925,26060,0.046707809
640926,26060,0.035731054
640941,26043,0.031833324
640942,26043,0.007876462
641024,8035,0.000461592
641025,8035,0.001354894
641026,8035,2.06429E-05
641027,8035,3.4041E-06
641028,8035,0.002913138
641035,8005,0.001638054
641036,8005,0.019840843
641037,8005,0.005470349
641101,8053,0.028545612
641102,8053,0.065828713
641103,8053,0.037818065
641835,2001,0.000346195
641836,2001,0.003925495
641837,2001,0.002202888
641838,2001,0.003770914
641839,2001,0.001075309
641932,26017,0.00154159
641932,26048,0.230197263
641933,26017,0.004838675
641934,26017,0.005709819
641935,26017,0.00311836
641936,26017,0.001094711
641937,26017,0.000742528
641962,26004,0.000593953
641962,26017,0.00292831
641963,26004,0.024004097
641963,26017,0.001221455
641964,26004,0.020358521
641967,26004,0.005426842
641968,26004,0.012643163
641984,26060,0.000219806
641985,26060,0.055963386
642000,26043,0.044854776
642091,8005,0.000136236
642092,8005,0.009414455
642093,8005,0.001398862
642095,8005,0.012866528
642096,8005,0.001091289
642159,8053,0.022607133
642160,8053,0.072212476
642161,8053,0.062600626
642162,8053,0.001256852
642894,2001,0.000303266
642895,2001,0.004025277
642896,2001,0.003240211
642897,2001,0.003445935
642898,2001,0.000312691
642991,26017,0.00235596
642991,26048,0.60642299
642992,26017,0.002313823
642992,26048,0.163379747
642993,26017,0.002384785
643022,26004,0.002099963
643023,26004,0.012933196
643024,26004,0.002230501
643044,26060,0.071509319
643045,26060,0.004814522
643058,26043,0.00575612
643059,26043,0.054478057
643151,8005,0.016193034
643152,8005,0.01596363
643153,8005,0.00042414
643154,8005,0.003605597
643216,8053,0.004954631
643217,8053,0.034778037
643218,8053,0.073487505
643219,8053,0.039923149
643220,8053,0.004942369
643953,2001,0.000388116
643954,2001,0.004024029
643955,2001,0.00360675
643956,2001,0.000304778
644072,26017,0.002848656
644073,26017,0.0002683
644085,26004,0.003291642
644086,26004,0.000387346
644103,26060,0.049456167
644104,26060,0.079267797
644105,26060,0.009365055
644117,26043,0.053388105
644118,26043,0.002932375
644124,26059,0.069550785
644125,26059,0.101850476
644126,26059,0.090698151
644127,26059,0.012649913
644210,8005,0.00887504
644211,8005,0.020033736
644212,8005,0.002887562
644259,8037,0.012464356
644260,8037,0.013811399
644270,8028,0.00246449
644271,8028,0.024963119
644272,8028,0.007080307
644273,8028,0.011893046
644274,8028,0.003601125
644274,8053,0.022979728
644275,8053,0.069671236
644276,8053,0.06830923
644277,8053,0.015998952
645012,2001,0.001553939
645013,2001,0.003788585
645014,2001,0.003870166
645015,2001,0.000914187
645131,26017,0.001925525
645132,26017,0.000163684
645134,26017,0.000821341
645135,26017,0.003706055
645136,26017,0.002803479
645144,26004,0.008973188
645145,26004,0.016925536
645146,26004,0.004915921
645163,26060,0.062872985
645175,26043,0.01052573
645176,26043,0.043878455
645183,26059,0.102870428
645187,26059,0.029073615
645198,26019,0.225917415
645199,26019,0.302708267
645199,26039,8.86722E-06
645200,26019,0.072375573
645200,26039,0.026237021
645220,26002,0.032070912
645221,26002,0.021696555
645269,8005,0.003811614
645270,8005,0.018189866
645271,8005,0.00938592
645272,8005,0.000466737
645318,8037,0.060889577
645319,8037,0.073939583
645320,8037,0.002247626
645329,8028,0.000802085
645330,8028,0.011826885
645331,8028,0.047113888
645332,8028,0.041386937
645333,8028,0.025212046
645333,8053,0.035970845
645334,8053,0.075862258
645335,8053,0.073182061
645336,8053,0.002455151
646069,2001,0.000104388
646070,2001,0.001735812
646071,2001,0.00092883
646072,2001,0.0039779
646073,2001,0.00218425
646074,2001,0.000977357
646075,2001,9.75045E-06
646076,2001,0.000313237
646077,2001,4.02045E-05
646078,2001,2.40824E-05
646193,26017,0.00121871
646194,26017,0.003612159
646195,26017,0.002129147
646204,26004,4.70522E-06
646205,26004,0.012963715
646206,26004,0.003064348
646222,26060,0.06810859
646223,26060,0.000707192
646233,26043,0.01247568
646234,26043,0.050973311
646235,26043,0.000621331
646241,26043,0.010831446
646242,26043,0.045598579
646242,26059,0.023120452
646246,26059,0.053581639
646247,26059,0.015634375
646279,26002,0.039997788
646280,26002,0.018476274
646329,8005,0.001280831
646330,8005,0.013561785
646331,8005,0.001481179
646377,8037,0.025163829
646378,8037,0.054490912
646379,8037,0.045689155
646388,8028,0.027107891
646389,8028,0.045104257
646390,8028,0.046154334
646391,8028,0.04799035
646392,8028,0.029111587
646392,8053,0.026130218
646393,8053,0.051757276
646394,8053,0.004318695
647127,2001,0.000205322
647128,2001,0.002555583
647129,2001,0.002992021
647130,2001,0.001021504
647131,2001,0.001652901
647132,2001,0.000968491
647133,2001,4.01511E-05
647135,2001,0.001113946
647136,2001,0.00129321
647137,2001,0.001622491
647253,26017,0.000920373
647254,26017,0.000393843
647264,26004,0.000381569
647265,26004,0.013620128
647281,26060,0.06216907
647282,26060,0.005322388
647292,26043,0.001058489
647300,26043,0.057618241
647301,26043,0.016724951
647305,26059,0.020946545
647306,26059,0.061784687
647312,26059,0.00781465
647313,26059,0.069932467
647338,26002,0.00937224
647339,26002,0.003040171
647389,8005,0.0102912
647390,8005,0.00892674
647401,8005,0.000484982
647402,8005,0.007514035
647403,8005,1.41006E-05
647437,8037,0.015007953
647438,8037,0.039609425
647447,8028,0.016681977
647448,8028,0.046602904
647449,8028,0.030706152
647450,8028,0.011552279
647451,8028,0.004928667
647451,8053,0.001594592
647452,8053,0.001105
648185,2001,0.000739074
648186,2001,0.003832133
648187,2001,0.004025277
648188,2001,0.004000742
648189,2001,0.001976733
648195,2001,0.002858392
648196,2001,0.000743081
648318,26004,0.002041255
648319,26004,0.007627553
648328,26004,0.001403798
648329,26004,0.00642154
648340,26060,0.011176551
648341,26043,0.015596848
648341,26060,0.047025777
648342,26043,0.052574356
648343,26043,0.020581946
648344,26043,2.74595E-05
648358,26043,0.002943039
648359,26043,0.059050454
648364,26059,0.044033367
648365,26059,0.039711994
648371,26059,0.041264225
648372,26059,0.007043983
648378,26039,0.217213698
648379,26039,0.024815821
648406,26002,0.009657138
648407,26002,0.064685558
648408,26002,0.000646241
648448,8005,0.003852053
648449,8005,0.016634293
648450,8005,0.000335677
648460,8005,0.010727252
648461,8005,0.020409463
648462,8005,0.002429716
648505,8028,0.001681038
648506,8028,0.034783299
648507,8028,0.015368387
648508,8028,0.001350236
649244,2001,0.002710933
649245,2001,0.003076605
649246,2001,0.002922865
649247,2001,0.003929377
649248,2001,0.003528652
649252,2001,4.50874E-08
649253,2001,0.000190421
649254,2001,9.40309E-06
649377,26004,0.000950066
649378,26004,0.002797834
649387,26004,5.11742E-06
649388,26004,0.013556981
649389,26004,0.00043639
649400,26043,0.056352273
649400,26060,0.000972712
649401,26043,0.028566254
649402,26043,0.018292598
649403,26043,0.001155966
649416,26043,0.001453684
649417,26043,0.051319843
649418,26043,0.013207556
649423,26059,0.068708784
649424,26059,0.032043415
649437,26039,0.042211583
649438,26039,0.241598385
649445,26039,0.310315023
649508,8005,0.011147039
649509,8005,0.004233571
649519,8005,0.014380303
649520,8005,0.013541296
649521,8005,0.000305293
649563,8037,0.011164724
649564,8028,0.007743823
649564,8037,0.017624768
649565,8028,0.003380561
650302,2001,3.04695E-06
650303,2001,0.000749235
650304,2001,0.002207636
650305,2001,0.003796236
650306,2001,0.002807412
650307,2001,9.93338E-05
650309,2001,0.001026366
650310,2001,0.002198445
650311,2001,0.002742798
650312,2001,0.002185267
650313,2001,0.001134064
650314,2001,0.000160663
650335,2002,0.001306399
650336,2002,7.83211E-06
650447,26004,0.002556236
650448,26004,0.003781633
650458,26043,0.000824368
650458,26060,0.004056523
650459,26043,0.064529008
650459,26060,0.029997398
650460,26043,0.011892342
650460,26060,0.005575128
650475,26043,0.050413125
650476,26043,0.016017244
650482,26059,0.036638513
650483,26059,0.049352339
650497,26039,0.122811606
650504,26039,0.014787996
650567,8005,0.013840301
650568,8005,0.003516538
650578,8005,0.003987962
650622,8037,0.030048485
651360,2001,0.000291235
651361,2001,0.000584664
651362,2001,0.001665648
651363,2001,0.002107252
651364,2001,0.002816961
651365,2001,0.001415766
651366,2001,2.42057E-05
651367,2001,0.001910668
651368,2001,0.001618067
651369,2001,0.001232948
651370,2001,0.001971385
651371,2001,0.00054872
651372,2001,0.001442257
651373,2001,0.001551629
651394,2002,0.00109409
651395,2002,0.000222733
651517,26060,0.0291913
651518,26060,0.025754574
651519,26043,0.020202959
651519,26060,0.029619934
651520,26043,1.50728E-05
651534,26043,0.039669441
651541,26059,0.000227959
651542,26059,0.021467239
651625,8005,0.009820297
651626,8005,0.018233649
651627,8005,0.00013764
651680,8037,0.022127682
651681,8037,0.014655891
652419,2001,0.000475936
652420,2001,0.002832204
652421,2001,0.003600029
652422,2001,0.003860056
652423,2001,0.003023183
652424,2001,0.000129673
652426,2001,3.76339E-05
652576,26060,0.004202004
652577,26060,0.053076464
652578,26043,0.004595601
652578,26060,0.029459584
652579,26043,0.00023981
652579,26060,0.074082571
652684,8005,0.002949295
652685,8005,0.015216601
652691,8005,0.002026594
652692,8005,0.008826188
652693,8005,0.001391357
652694,8005,0.000320368
652695,8005,0.002976427
652696,8005,0.004054458
652738,8037,0.002906263
652739,8037,0.048740865
653477,2001,0.000631769
653478,2001,0.001533864
653479,2001,0.003538039
653480,2001,0.004025277
653481,2001,0.003063858
653482,2001,0.001071773
653636,26060,0.00579238
653637,26060,0.003358087
653638,26060,0.030491224
653743,8005,0.000156936
653744,8005,0.006264826
653750,8005,0.0141475
653751,8005,0.020409463
653752,8005,0.012811601
653753,8005,0.01076608
653754,8005,0.016942121
653755,8005,0.010800275
653797,8037,0.024037559
653798,8037,0.007192013
654536,2001,0.003447249
654537,2001,0.002718165
654538,2001,0.002824947
654539,2001,0.004025277
654540,2001,0.001291969
654542,2001,0.000467154
654543,2001,0.000311652
654808,8005,0.004738728
654809,8005,0.019519574
654810,8005,0.011580151
654811,8005,0.000994778
654814,8005,0.001121708
654855,8037,0.000282132
654856,8037,0.020825095
655595,2001,0.000546562
655596,2001,3.00566E-06
655597,2001,0.0023442
655598,2001,0.003913638
655599,2001,0.000513605
655601,2001,0.001652525
655602,2001,0.001901176
655603,2001,1.87072E-05
655604,2001,0.000493398
655865,8005,0.006110662
655866,8005,0.010425668
655867,8005,0.013522446
655868,8005,0.007366757
655914,8037,0.038043755
655915,8037,0.004019778
656654,2001,8.27358E-05
656655,2001,8.23263E-05
656656,2001,0.001194823
656657,2001,0.002131156
656658,2001,0.0021039
656659,2001,0.002019954
656660,2001,0.001951586
656661,2001,0.00336174
656662,2001,0.003325525
656663,2001,0.001966793
656664,2001,3.70875E-05
656924,8005,0.002132247
656925,8005,0.000112172
656972,8037,0.022780887
656973,8037,0.048091487
657713,2001,0.000532304
657714,2001,0.002390515
657715,2001,0.000467299
657717,2001,8.27511E-05
657718,2001,0.00119342
657719,2001,0.0001663
657720,2001,0.002422851
657721,2001,0.001593252
657722,2001,7.35766E-06
658029,8037,0.013211586
658030,8037,0.056023897
658031,8037,0.076055459
658032,8037,0.006527471
658779,2001,0.000964455
658780,2001,0.002304816
659088,8037,0.033080506
659089,8037,0.071444736
659090,8037,0.050106945
659834,2001,7.02882E-07
659835,2001,0.001195132
659836,2001,0.000633266
659839,2001,0.00040916
660148,8037,0.036283137
660149,8037,0.001411064
660893,2001,0.001430251
660894,2001,0.002716499
660895,2001,0.003134425
660896,2001,0.002552436
660897,2001,0.000171777
661948,2001,4.58296E-05
661949,2001,0.000250827
661952,2001,0.003180247
661953,2001,0.004025277
661954,2001,0.004025277
661955,2001,0.003737403
661956,2001,0.001763494
661957,2001,0.000210729
663007,2001,0.000723001
663008,2001,0.000189208
663010,2001,0.000668331
663011,2001,0.003953139
663012,2001,0.004025277
663013,2001,0.004025277
663014,2001,0.003692596
663015,2001,0.001150426
663016,2001,0.002033409
663017,2001,0.002631194
663018,2001,0.001912618
663019,2001,5.8318E-06
663277,8005,0.000189595
663278,8005,0.001834716
663280,8005,0.001701003
664065,2001,1.06813E-07
664066,2001,0.002412372
664067,2001,1.16101E-05
664069,2001,0.003273217
664070,2001,0.004025277
664071,2001,0.004025277
664072,2001,0.004025277
664073,2001,0.00261612
664074,2001,0.003460091
664075,2001,0.001061027
664076,2001,0.00020918
664077,2001,0.000470409
664085,2001,5.26651E-05
664086,2001,9.42655E-05
664087,2001,0.000789405
664088,2001,0.001837437
664336,8005,0.002269341
664337,8005,0.010521485
664338,8005,0.008368379
664339,8005,0.008985767
665124,2001,0.001678908
665125,2001,0.001134983
665126,2001,0.001346824
665127,2001,0.001578549
665128,2001,0.003230163
665129,2001,0.003871058
665130,2001,0.004025277
665131,2001,0.004025277
665132,2001,0.000659637
665133,2001,0.000365044
665134,2001,0.001953101
665135,2001,0.0012447
665144,2001,0.001374706
665145,2001,0.003132651
665146,2001,0.003790224
665147,2001,0.003024206
665148,2001,0.000320091
665149,2001,4.26977E-05
665255,26017,0.000360069
666182,2001,0.000856646
666183,2001,0.001232887
666186,2001,0.000670594
666187,2001,0.003255853
666188,2001,0.003183306
666189,2001,0.003785104
666190,2001,0.002954914
666191,2001,0.000240891
666192,2001,0.000174514
666193,2001,0.000957557
666194,2001,0.000483594
666203,2001,0.001502533
666204,2001,0.004025277
666205,2001,0.004025277
666206,2001,0.002437833
666207,2001,0.00076894
666208,2001,0.000288327
666314,26017,0.002794107
666315,26017,0.001326617
667241,2001,0.000107133
667242,2001,5.01548E-05
667245,2001,0.001551171
667246,2001,0.002242978
667247,2001,0.001643801
667248,2001,0.00057685
667249,2001,0.000466934
667251,2001,0.000297343
667252,2001,0.002169543
667262,2001,0.000488798
667263,2001,0.002341973
667264,2001,0.001658298
667265,2001,0.000104129
667364,26070,0.001039327
667365,26070,0.020152484
667369,26070,7.386E-06
667370,26070,0.007921455
667373,26017,0.001267482
667374,26017,0.002027666
668302,2001,0.00057324
668303,2001,0.001723713
668304,2001,0.002059084
668305,2001,0.001591548
668306,2001,0.000180879
668423,26070,0.050924998
668424,26070,0.062071923
668426,26070,0.01043625
668427,26070,0.048482884
668428,26070,0.054926322
668429,26070,0.018997543
668433,26017,0.000111697
669360,2001,0.001370616
669361,2001,0.003433372
669362,2001,0.002691835
669363,2001,0.000983618
669365,2001,0.000882755
669481,26070,0.004628676
669482,26070,0.089383874
669483,26070,0.010402284
669485,26070,0.069262109
669486,26070,0.001575143
669487,26070,0.009931913
670417,2001,0.000439806
670418,2001,0.001765101
670419,2001,0.003881025
670420,2001,0.002199431
670421,2001,0.000284683
670423,2001,0.000761545
670424,2001,0.002800361
670425,2001,0.001222618
670428,2001,0.000611653
670540,26070,1.26547E-06
670541,26070,0.041483516
670542,26070,0.013579154
670544,26070,0.008203993
671475,2001,7.96631E-06
671476,2001,0.003036839
671477,2001,0.001464377
671478,2001,0.000159376
671479,2001,0.003220301
671480,2001,0.001852936
671481,2001,0.00104052
671482,2001,0.002890887
671483,2001,0.003835381
671484,2001,0.001979463
671485,2001,0.001431266
671486,2001,0.001789016
671487,2001,0.001547236
671488,2001,1.24918E-05
672535,2001,4.15148E-05
672536,2001,2.87411E-06
672537,2001,0.001395342
672538,2001,0.001324106
672539,2001,0.000953322
672540,2001,0.000161417
672541,2001,0.001251922
672542,2001,0.001100267
672657,26070,0.052308721
672658,26070,0.007359393
673592,2001,0.000441597
673593,2001,0.000302717
673595,2001,0.002307076
673596,2001,0.001204448
673597,2001,1.20486E-05
673599,2001,0.000396497
673600,2001,0.001379767
673715,26070,0.014888521
673716,26070,0.041258979
674650,2001,0.001328477
674651,2001,0.002967397
674652,2001,0.000750682
674656,2001,0.000391008
674657,2001,0.00201081
674658,2001,0.001513859
674659,2001,0.000117365
674773,26070,0.007221957
674774,26070,0.07691804
674775,26070,0.020815179
675707,2001,0.001154417
675708,2001,0.001761112
675709,2001,0.002125263
675710,2001,0.000917065
675713,2001,0.000264897
675714,2001,0.001446318
675715,2001,0.003171508
675716,2001,0.000564903
675731,2001,0.000332652
675830,26070,0.001028915
675831,26070,0.028644657
675832,26070,0.060648362
675833,26070,0.029689018
675834,26070,0.004912549
676767,2001,1.63401E-05
676768,2001,0.00056058
676769,2001,0.001511213
676770,2001,2.07702E-05
676772,2001,0.000673899
676773,2001,0.001307407
676774,2001,0.000681116
676789,2001,0.001111796
676790,2001,0.002640359
676791,2001,0.000542465
676886,26070,0.00289954
676887,26070,0.049939968
676888,26070,0.015287011
676889,26070,0.061772188
676890,26070,0.035927327
676891,26070,0.002551968
677831,2001,1.08901E-06
677832,2001,0.00096175
677833,2001,0.000170646
677834,2001,0.000493583
677848,2001,0.000903451
677849,2001,0.001537285
677850,2001,0.001571993
677943,26070,0.003463448
677944,26070,0.161615052
677945,26070,0.265437317
677946,26070,0.097357165
677947,26070,0.002157181
677948,26070,0.00999037
678888,2001,4.11623E-05
678889,2001,0.001306062
678890,2001,0.00191645
678891,2001,0.001582911
678892,2001,0.00170187
678893,2001,0.001353552
678894,2001,0.000156869
679000,26070,0.006017018
679001,26070,0.179096441
679002,26070,0.139503987
679003,26070,0.044977197
679947,2001,0.001580563
679948,2001,0.000933203
679958,2001,0.000913725
679959,2001,0.00239599
679960,2001,6.86164E-05
679961,2001,0.000550346
680059,26070,0.01654493
680060,26070,0.031551871
681003,2001,2.32768E-06
681004,2001,0.000885555
681005,2001,0.002482541
681006,2001,0.002906394
681007,2001,9.67169E-05
681008,2001,0.001282565
681009,2001,0.000353761
681019,2001,6.69276E-06
681020,2001,0.00179456
681021,2001,0.000189773
682062,2001,6.84947E-05
682063,2001,0.00359911
682064,2001,0.003680666
682065,2001,0.00051263
682067,2001,0.000242899
682068,2001,0.000965198
683122,2001,0.001972928
683123,2001,0.003615548
683124,2001,0.000821112
683128,2001,9.80645E-05
683129,2001,0.000273453
684181,2001,0.000212051
684182,2001,0.003336922
684183,2001,0.003104653
684184,2001,0.001535437
684185,2001,8.33732E-07
684187,2001,0.001342793
684188,2001,0.001060954
685240,2001,0.001042221
685241,2001,0.003167823
685242,2001,0.000119708
685252,2001,0.00032092
685253,2001,0.000887363
685254,2001,0.000688869
685255,2001,0.000875849
686299,2001,5.80558E-05
686300,2001,0.002809055
686301,2001,0.000318931
686303,2001,3.98992E-05
686310,2001,0.000125492
686311,2001,0.003123301
686312,2001,0.004025277
686313,2001,0.004025277
686314,2001,0.003192954
686315,2001,0.000141425
687360,2001,0.00048411
687361,2001,0.001680545
687362,2001,0.002677088
687363,2001,1.21607E-05
687366,2001,5.50902E-06
687369,2001,0.000998723
687370,2001,0.004025277
687371,2001,0.004025277
687372,2001,0.004025277
687373,2001,0.00367825
687374,2001,0.002561334
687409,2002,0.000293994
687410,2002,0.002378112
687411,2002,0.000341828
687411,26055,0.000257364
687412,26055,6.37096E-05
688419,2001,0.001946294
688420,2001,0.003721868
688421,2001,0.003681195
688422,2001,0.002351032
688423,2001,0.001537384
688424,2001,5.31353E-05
688425,2001,0.00111907
688426,2001,0.002841649
688427,2001,0.001839119
688428,2001,0.003837837
688429,2001,0.003897281
688430,2001,0.004013338
688431,2001,0.003232169
688432,2001,0.001200698
688433,2001,8.232E-05
688468,2002,0.000139209
688469,2002,0.002490108
688470,2002,0.001531233
688470,26055,0.009261973
688471,26055,0.003442919
689473,2001,1.16936E-06
689474,2001,0.000474614
689477,2001,0.001464948
689478,2001,0.003324038
689479,2001,0.003992221
689480,2001,0.003831245
689481,2001,0.002029911
689482,2001,0.00280332
689483,2001,0.000977943
689484,2001,0.000707886
689485,2001,0.002313089
689486,2001,0.00118324
689487,2001,0.003957675
689488,2001,0.003760941
689489,2001,0.004019266
689490,2001,0.001341669
689491,2001,2.70412E-05
689527,2002,2.63768E-06
689528,2002,0.000603256
689529,2002,0.000170061
690532,2001,0.000248297
690533,2001,0.001832832
690534,2001,0.001217684
690536,2001,0.000687248
690537,2001,0.00061113
690538,2001,0.001425479
690539,2001,0.002630124
690540,2001,0.000476189
690541,2001,1.51848E-05
690542,2001,3.83723E-06
690545,2001,0.002657655
690546,2001,0.004025277
690547,2001,0.004025277
690548,2001,0.001994319
690549,2001,7.89391E-05
690586,2002,0.00068658
690587,2002,0.003556576
690588,2002,0.001210907
690588,26055,0.000480233
690589,26055,0.000266576
691593,2001,0.000318912
691604,2001,0.002552667
691605,2001,0.003441359
691606,2001,0.003564783
691607,2001,0.000174848
691644,2002,1.16424E-05
691645,2002,0.001574007
691646,2002,0.003683145
691647,2002,0.002383152
691647,26055,0.004264567
691648,26055,0.001807924
692652,2001,0.003331502
692653,2001,0.00354316
692654,2001,0.000283036
692663,2001,1.10749E-07
692665,2001,0.000131571
692702,2002,3.7236E-06
692704,2002,0.000657817
692705,2002,0.003684398
692706,2002,0.00136712
692706,26055,0.002707658
692707,26055,0.000593988
693710,2001,0.000391001
693711,2001,0.003583792
693712,2001,0.004025277
693713,2001,0.001243595
693759,2002,0.00031315
693760,2002,0.00036807
693761,2002,0.001700329
693762,2002,0.000425584
693763,2002,0.002756035
693764,2002,0.003684398
693765,2002,0.001401184
693765,26055,0.015221263
693766,26055,0.015246688
694767,2001,0.001807097
694768,2001,0.001464115
694769,2001,0.000299626
694770,2001,0.001656723
694771,2001,0.004025277
694772,2001,0.003409936
694773,2001,0.000239457
694818,2002,0.002148679
694819,2002,0.003653546
694820,2002,0.003684177
694821,2002,0.003681473
694822,2002,0.003684398
694823,2002,0.003684398
694824,2002,0.00233916
694824,26055,0.008968157
694825,26055,0.022565418
694826,26055,0.001763158
695823,2001,2.59554E-05
695824,2001,0.001963874
695825,2001,0.001042297
695826,2001,0.000865308
695829,2001,0.000431017
695830,2001,0.003491613
695831,2001,0.00400558
695832,2001,0.002645131
695873,2002,1.67459E-06
695874,2002,0.001087567
695875,2002,0.001978945
695876,2002,0.000416782
695877,2002,0.001066887
695878,2002,0.00321377
695879,2002,0.00364847
695880,2002,0.003684398
695881,2002,0.003684398
695882,2002,0.003346017
695883,2002,0.000870963
695883,26055,0.011017254
695884,26055,0.024562386
695885,26055,0.012652811
696883,2001,0.002289868
696884,2001,0.003236906
696885,2001,0.00038249
696889,2001,0.001353182
696890,2001,0.003389023
696891,2001,0.00382348
696892,2001,0.001480545
696893,2001,0.000601216
696894,2001,1.63582E-06
696896,2001,0.000244715
696931,2002,0.000135256
696932,2002,0.002264237
696933,2002,0.003407499
696934,2002,0.003609969
696935,2002,0.003638254
696936,2002,0.002507989
696937,2002,0.001736453
696938,2002,0.001940942
696939,2002,0.001788809
696940,2002,0.002902575
696941,2002,0.001900737
696941,26055,0.009279065
696942,26055,0.023553002
696943,26055,0.024562386
696944,26055,0.022228619
696945,26055,0.000981757
697942,2001,8.68654E-05
697949,2001,0.001018518
697950,2001,0.001740357
697951,2001,0.001584026
697952,2001,0.003411242
697953,2001,0.001326036
697954,2001,5.27606E-06
697955,2001,0.002512785
697956,2001,9.85586E-05
697990,2002,0.000466301
697991,2002,0.003621409
697992,2002,0.00340165
697993,2002,0.003677055
697994,2002,0.003684398
697995,2002,0.003165917
697996,2002,0.003066707
697997,2002,0.003561685
697998,2002,0.003418403
697999,2002,0.00198373
697999,26055,0.003553104
698000,2002,4.61548E-05
698000,26055,0.02425469
698001,26055,0.024562386
698002,26055,0.024562386
698003,26055,0.024508411
698004,26055,0.004867798
699011,2001,0.000734333
699012,2001,0.000289877
699013,2001,1.50351E-05
699014,2001,0.00186918
699015,2001,9.9965E-05
699049,2002,8.66765E-05
699050,2002,0.0032566
699051,2002,0.003616227
699052,2002,0.003145757
699053,2002,0.003684398
699054,2002,0.003684398
699055,2002,0.003684398
699056,2002,0.003680072
699057,2002,0.003684398
699058,2002,0.003624991
699058,26055,0.000396042
699059,2002,0.000469769
699059,26055,0.021430629
699060,26055,0.024562386
699061,26055,0.024562386
699062,26055,0.024562386
699063,26055,0.023291664
699064,26055,0.002394727
700065,2001,0.00014107
700066,2001,0.000150183
700071,2001,4.61846E-05
700072,2001,0.000162853
700108,2002,3.54163E-05
700109,2002,0.002327695
700110,2002,0.003684398
700111,2002,0.003616972
700112,2002,0.003021705
700113,2002,0.003684398
700114,2002,0.003684398
700115,2002,0.003262966
700116,2002,0.002528934
700117,2002,0.003684398
700118,2002,0.003172801
700118,26055,0.003410612
700119,2002,0.000607894
700119,26055,0.020509802
700120,26055,0.024562386
700121,26055,0.024562386
700122,26055,0.020441709
701124,2001,0.000382564
701124,2005,0.014837112
701125,2001,0.000997101
701125,2004,0.000389984
701125,2005,0.004061141
701130,2001,0.000870035
701131,2001,0.001568063
701132,2001,8.02345E-05
701133,2001,0.000196929
701168,2002,0.002542423
701169,2002,0.003381029
701170,2002,0.00307501
701171,2002,0.003671524
701172,2002,0.003684398
701173,2002,0.003684398
701174,2002,0.003530354
701175,2002,0.003684398
701176,2002,0.003684398
701177,2002,0.003625066
701178,2002,0.003457517
701178,26055,0.001512522
701179,2002,0.000827493
701179,26055,0.019045828
701180,26055,0.024562386
701181,26055,0.024400231
701182,26055,0.002469336
702176,2005,0.004436569
702177,2005,0.035916778
702178,2005,0.009424763
702187,2001,8.56468E-05
702187,2004,0.001135374
702188,2001,0.001806858
702188,2004,0.000243035
702189,2001,0.00389625
702190,2001,0.000600531
702191,2001,0.002306122
702191,2003,0.000176053
702192,2001,0.001094777
702227,2002,0.002588434
702228,2002,0.003684398
702229,2002,0.003375407
702230,2002,0.00368387
702231,2002,0.003539647
702232,2002,0.00360227
702233,2002,0.003684398
702234,2002,0.003684398
702235,2002,0.003684398
702236,2002,0.003684398
702237,2002,0.003684398
702238,2002,0.003091995
702238,26055,0.003949309
702239,26055,0.024562386
702240,26055,0.024562386
702241,26055,0.017402625
703235,2005,0.005823441
703236,2005,0.063539375
703237,2005,0.035986162
703246,2004,0.020302152
703247,2001,0.000585349
703247,2004,0.013333778
703248,2001,0.000369731
703248,2003,0.001130269
703248,2004,0.002074727
703250,2001,6.39999E-05
703250,2003,0.006216058
703286,2002,0.000830998
703287,2002,0.00341561
703288,2002,0.000654842
703289,2002,0.001845794
703290,2002,0.003044373
703291,2002,0.00358352
703292,2002,0.003684398
703293,2002,0.003638185
703294,2002,0.003684398
703295,2002,0.003684398
703296,2002,0.003684398
703297,2002,0.002484541
703297,26055,0.000714467
703298,26055,0.018822037
703299,26055,0.024562386
703300,26055,0.023537233
703301,26055,0.004059736
704293,2005,0.007690595
704294,2005,0.053065387
704295,2005,0.048566608
704346,2002,0.000219318
704347,2002,2.14481E-05
704348,2002,0.000159659
704349,2002,0.002980122
704350,2002,0.003649257
704351,2002,0.003260133
704352,2002,0.003684398
704353,2002,0.003476147
704354,2002,0.003684398
704355,2002,0.003684398
704356,2002,0.003426765
704357,2002,0.000338829
704357,26055,0.007121077
704358,26055,0.024562386
704359,26055,0.024562386
704360,26055,0.023461198
704361,26055,0.002887414
705351,2005,0.035047019
705352,2005,0.065206266
705353,2005,0.008287171
705354,2005,0.001705594
705403,2002,0.000143629
705404,2002,4.43508E-05
705406,2002,1.36821E-05
705407,2002,0.000904495
705408,2002,0.002613089
705409,2002,0.003452924
705410,2002,0.003412879
705411,2002,0.003243588
705412,2002,0.003471472
705413,2002,0.003684398
705414,2002,0.003684398
705415,2002,0.003684398
705416,2002,0.002580951
705416,26055,0.000858133
705417,26055,0.020659581
705418,26055,0.024562386
705419,26055,0.024562386
705420,26055,0.015728642
706409,2005,0.001737394
706410,2005,0.068448534
706411,2005,0.05774096
706422,2003,1.01737E-05
706422,2004,0.009259749
706423,2003,0.038078339
706423,2004,0.006407748
706461,2002,2.90767E-06
706462,2002,0.002562858
706463,2002,0.000790647
706464,2002,0.001480262
706465,2002,0.00266952
706466,2002,0.003684398
706467,2002,0.003684398
706468,2002,0.003684398
706469,2002,0.003684398
706470,2002,0.003519306
706471,2002,0.003567138
706472,2002,0.003684398
706473,2002,0.003684398
706474,2002,0.003684398
706475,2002,0.003208136
706475,26055,6.79451E-06
706476,2002,2.61693E-05
706476,26055,0.015894196
706477,26055,0.020972408
706478,2002,0.000360169
706478,26055,0.015733912
706479,2002,0.000887149
706479,26055,0.015479482
706480,26055,0.010442523
707468,2005,0.000465479
707469,2005,0.046546596
707470,2005,0.025891996
707473,2004,0.002066259
707474,2004,0.017323437
707479,2004,0.00788702
707480,2004,0.013066821
707481,2003,0.001904889
707481,2004,0.031297944
707482,2003,0.018998407
707482,2004,0.000964272
707490,2003,0.116269645
707491,2003,0.137787901
707492,2003,0.052347777
707520,2002,0.001315088
707521,2002,0.003488392
707522,2002,0.003684342
707523,2002,0.003058711
707524,2002,0.003684398
707525,2002,0.003675694
707526,2002,0.003434147
707527,2002,0.003682708
707528,2002,0.003684398
707529,2002,0.003684398
707530,2002,0.003412672
707531,2002,0.003527515
707532,2002,0.00323572
707533,2002,0.003543937
707534,2002,0.003469961
707535,2002,0.002870806
707535,26055,1.22796E-05
707536,2002,0.002335103
707536,26055,8.02273E-07
707537,2002,0.003117213
707538,2002,0.003682953
707538,26055,6.44447E-06
707539,2002,0.000286161
707539,26055,0.001577939
708527,2005,0.026550175
708528,2005,0.074058706
708529,2005,0.055339627
708530,2005,0.008529273
708532,2004,0.01313422
708533,2004,0.011176475
708538,2004,0.005511329
708539,2004,0.033265381
708540,2003,0.052755508
708540,2004,0.021524742
708541,2003,0.004740832
708542,2003,0.044159421
708543,2003,0.050578829
708549,2003,0.029446206
708550,2003,0.250674914
708551,2003,0.116167036
708578,2002,0.001140743
708579,2002,0.003461583
708580,2002,0.003684398
708581,2002,0.003684398
708582,2002,0.003684398
708583,2002,0.003684398
708584,2002,0.003175682
708585,2002,0.003684398
708586,2002,0.003684398
708587,2002,0.003684124
708588,2002,0.003542677
708589,2002,0.003684398
708590,2002,0.003276765
708591,2002,0.003681586
708592,2002,0.003559944
708593,2002,0.003648298
708594,2002,0.003029007
708595,2002,0.003684398
708596,2002,0.003573471
708597,2002,0.003684398
708598,2002,0.00118119
709585,2005,0.008872693
709586,2005,0.015370023
709587,2005,0.049078998
709588,2004,0.007891987
709588,2005,0.026428609
709589,2004,0.029140937
709589,2005,0.010487335
709590,2004,0.000552671
709591,2004,0.009180726
709597,2004,0.010110773
709598,2003,0.034268193
709598,2004,0.031451307
709599,2003,0.037370207
709599,2004,0.000206162
709601,2003,0.033240578
709602,2003,0.090286087
709608,2003,0.020770506
709609,2003,0.242776489
709636,2002,0.000958734
709637,2002,0.003606449
709638,2002,0.003684398
709639,2002,0.003684398
709640,2002,0.003190234
709641,2002,0.003684398
709642,2002,0.003684398
709643,2002,0.003359316
709644,2002,0.003684398
709645,2002,0.003684398
709646,2002,0.003675624
709647,2002,0.003684398
709648,2002,0.003628363
709649,2002,0.003472219
709650,2002,0.003523104
709651,2002,0.003684398
709652,2002,0.003684398
709653,2002,0.003663561
709654,2002,0.003684398
709655,2002,0.003487952
709656,2002,0.003684398
709657,2002,0.002044362
710644,2005,0.013949549
710645,2004,7.30853E-05
710645,2005,0.020289002
710646,2004,0.003499575
710646,2005,0.060811745
710647,2004,0.031523281
710647,2005,0.01566197
710648,2004,0.036571999
710649,2004,0.019463258
710650,2004,0.001007397
710651,2004,0.006236154
710656,2004,0.00021694
710657,2003,0.028077706
710657,2004,0.007182072
710658,2003,0.005670256
710661,2003,2.83804E-06
710668,2003,0.033759526
710691,2002,1.84826E-05
710692,2002,0.001066885
710693,2002,0.000445122
710694,2002,0.000283678
710695,2002,0.003496171
710696,2002,0.003684398
710697,2002,0.003684398
710698,2002,0.003684398
710699,2002,0.003684398
710700,2002,0.003659059
710701,2002,0.003105795
710702,2002,0.003478269
710703,2002,0.003411224
710704,2002,0.003684398
710705,2002,0.002938649
710706,2002,0.003655821
710707,2002,0.003634108
710708,2002,0.003557422
710709,2002,0.003651892
710710,2002,0.00295932
710711,2002,0.003684398
710712,2002,0.003568339
710713,2002,0.003684398
710714,2002,0.003684398
710715,2002,0.003684398
710716,2002,0.002233335
711703,2004,0.006626568
711703,2005,0.001859658
711704,2004,0.032973607
711704,2005,0.016313251
711705,2004,0.043404812
711705,2005,0.001974449
711706,2004,0.02882278
711707,2004,0.00204129
711708,2004,0.008105364
711709,2004,0.020879274
711710,2004,0.03629087
711711,2004,0.027154773
711712,2004,0.009495367
711713,2004,0.014558714
711714,2004,0.012110357
711715,2004,0.00084823
711727,2003,0.000361045
711728,2003,0.027719087
711729,2003,0.007361407
711750,2002,0.001265978
711751,2002,0.003684398
711752,2002,0.003677495
711753,2002,0.003571238
711754,2002,0.003684398
711755,2002,0.003243251
711756,2002,0.002220735
711757,2002,0.003684398
711758,2002,0.003147321
711759,2002,0.003365056
711760,2002,0.003683377
711761,2002,0.003684398
711762,2002,0.003684398
711763,2002,0.003684398
711764,2002,0.003684398
711765,2002,0.003684398
711766,2002,0.003663566
711767,2002,0.003684398
711768,2002,0.003436929
711769,2002,0.003620518
711770,2002,0.003684398
711771,2002,0.00317917
711772,2002,0.003596403
711773,2002,0.003684398
711774,2002,0.003684398
711775,2002,0.00219577
711776,2002,5.42809E-05
712762,2004,0.008925318
712763,2004,0.041212783
712764,2004,0.017579082
712765,2004,0.002028903
712768,2004,0.008055053
712769,2004,0.023378154
712770,2004,0.041986629
712771,2004,0.020468021
712772,2004,0.035851437
712773,2004,0.031811537
712774,2004,0.01472462
712777,2003,0.023582479
712778,2003,0.033233813
712779,2003,0.023536362
712786,2003,0.008627073
712787,2003,0.019492986
712788,2003,0.001208312
712808,2002,0.000392946
712809,2002,0.002949075
712810,2002,0.002992676
712811,2002,0.003684398
712812,2002,0.003684398
712813,2002,0.003286724
712814,2002,0.001946803
712815,2002,0.001215977
712816,2002,0.001743248
712817,2002,0.003653446
712818,2002,0.003573041
712819,2002,0.003481185
712820,2002,0.00357079
712821,2002,0.003403588
712822,2002,0.002997198
712823,2002,0.002362614
712824,2002,0.001905188
712825,2002,0.002434867
712826,2002,0.003433229
712827,2002,0.003261372
712828,2002,0.00350787
712829,2002,0.003684398
712830,2002,0.003684398
712831,2002,0.003684398
712832,2002,0.003346261
712833,2002,0.003203074
712834,2002,0.003548201
712835,2002,0.002654557
712836,2002,0.000117954
713821,2004,0.003489129
713822,2004,0.01058885
713828,2004,0.019341756
713829,2004,0.027360944
713830,2004,0.007715965
713831,2004,0.001194304
713832,2004,0.018197717
713833,2004,0.014635453
713836,2003,0.008080534
713837,2003,0.035849768
713838,2003,0.004865242
713866,2002,0.000266105
713867,2002,0.003457314
713868,2002,0.003684398
713869,2002,0.003577776
713870,2002,0.002767114
713871,2002,0.001948169
713872,2002,0.001581546
713873,2002,0.000425599
713874,2002,0.000339975
713875,2002,0.002970759
713876,2002,0.003568731
713877,2002,0.003385393
713878,2002,0.003358464
713879,2002,0.000740601
713880,2002,4.14191E-05
713881,2002,4.41407E-08
713885,2002,1.75539E-05
713886,2002,0.002138793
713887,2002,0.003582752
713888,2002,0.003657863
713889,2002,0.003684398
713890,2002,0.003468566
713891,2002,0.003684398
713892,2002,0.0034876
713893,2002,0.003495159
713894,2002,0.003460341
713895,2002,0.002240721
714887,2004,0.003464549
714891,2004,5.0202E-06
714895,2003,0.00247184
714896,2003,0.014920885
714897,2003,0.02004182
714898,2003,0.057640887
714899,2003,0.036430733
714900,2003,0.046753076
714925,2002,0.001097526
714926,2002,0.003684398
714927,2002,0.003684398
714928,2002,0.002268916
714929,2002,0.002967327
714930,2002,0.0002732
714933,2002,0.000985509
714934,2002,0.003439802
714935,2002,0.003684398
714936,2002,0.003681816
714937,2002,0.000752167
714946,2002,5.15949E-05
714947,2002,0.000533037
714948,2002,0.001273633
714949,2002,0.001787171
714950,2002,0.00116958
714951,2002,0.000111717
714952,2002,0.000119271
714953,2002,4.42376E-05
714954,2002,0.002588783
714955,2002,0.00070068
715954,2003,0.014809099
715955,2003,0.057290889
715956,2003,0.039644842
715957,2003,0.035690151
715958,2003,0.032273523
715959,2003,0.000449504
715984,2002,0.000876073
715985,2002,0.002129565
715986,2002,0.002104549
715987,2002,0.001935458
715988,2002,0.002053954
715989,2002,0.000461548
715993,2002,0.00093103
715994,2002,0.001870119
715995,2002,0.001798363
715996,2002,2.992E-05
716013,2002,0.000193454
716014,2002,0.000460652