GRIDCODE	CVENTMUN	LONG_CARRETERA TOTAL x MUNICIPIO x NO. DE CARRILES (m)	LONG_CARR_x_CELDA x CARRILES
624897	2001	3439265.728	5398.505006
624898	2001	3439265.728	746.4990648
624935	2001	3439265.728	6069.217591
625024	26004	187891.4886	7002.618205
625025	26004	187891.4886	1821.883058
625032	26046	104246.5354	310.397264
625033	26046	104246.5354	6888.036417
625034	26046	104246.5354	513.2533381
625034	26046	104246.5354	4604.093582
625034	26046	104246.5354	252.4297092
625050	26036	184650.2298	3146.947724
625051	26036	184650.2298	3397.481557
625052	26036	184650.2298	3259.003347
625053	26036	184650.2298	3127.83855
625053	26036	184650.2298	822.2766941
625053	26036	184650.2298	178.4980228
625054	26036	184650.2298	8170.755026
625054	26036	184650.2298	13354.39299
625055	26036	184650.2298	444.9201325
625075	26006	149696.261	3379.238618
625084	26011	122342.077	247.8132053
625085	26011	122342.077	6063.594748
625097	26027	181416.865	4398.556558
625098	26027	181416.865	581.221362
625098	26027	181416.865	612.1522797
625098	26027	181416.865	670.8812492
625135	8035	407542.1865	2383.023019
625136	8035	407542.1865	6256.198999
625145	8035	407542.1865	3483.608252
625146	8035	407542.1865	3833.058366
625196	8001	883927.7251	10224.79071
625197	8001	883927.7251	1558.023159
625197	8001	883927.7251	627.1497976
625956	2001	3439265.728	6014.620242
625994	2001	3439265.728	6102.88192
626082	26004	187891.4886	6310.311296
626083	26004	187891.4886	1887.136685
626090	26046	104246.5354	5677.150389
626091	26046	104246.5354	6588.617797
626108	26036	184650.2298	1127.982459
626108	26058	197249.5214	2860.763562
626109	26036	184650.2298	163.7604657
626109	26058	197249.5214	172.1013711
626113	26036	184650.2298	7677.778909
626114	26036	184650.2298	3485.633848
626114	26036	184650.2298	2090.488219
626114	26036	184650.2298	5466.467182
626115	26036	184650.2298	10137.35998
626134	26006	149696.261	3325.171696
626143	26011	122342.077	6700.713813
626157	26027	181416.865	6126.81492
626195	8035	407542.1865	7548.298114
626203	8035	407542.1865	335.6746379
626204	8035	407542.1865	5068.959531
626204	8035	407542.1865	1916.483602
626256	8001	883927.7251	11721.21456
626256	8001	883927.7251	445.9257305
626256	8001	883927.7251	108.4542543
627015	2001	3439265.728	7690.751743
627053	2001	3439265.728	6100.906938
627106	26017	493727.1617	4622.926217
627107	26017	493727.1617	4977.07457
627140	26047	263562.6892	4420.134019
627140	26004	187891.4886	1327.946781
627141	26004	187891.4886	2096.934136
627147	26046	104246.5354	5139.474966
627148	26046	104246.5354	6882.370656
627149	26046	104246.5354	1178.509924
627166	26036	184650.2298	3146.227748
627167	26036	184650.2298	290.4629524
627174	26036	184650.2298	7183.253077
627174	26035	319128.3827	6197.509114
627175	26035	319128.3827	3740.693915
627192	26006	149696.261	1765.288315
627193	26006	149696.261	1344.192049
627202	26011	122342.077	6642.307781
627216	26027	181416.865	6204.882412
627246	8035	407542.1865	901.9288586
627254	8035	407542.1865	6003.467791
627262	8035	407542.1865	7306.822435
627315	8001	883927.7251	12561.67941
628072	2001	3439265.728	822.5039927
628073	2001	3439265.728	7867.115232
628074	2001	3439265.728	620.921037
628112	2001	3439265.728	6096.028372
628166	26017	493727.1617	6311.409673
628198	26047	263562.6892	3549.584014
628199	26047	263562.6892	4046.02336
628204	26046	104246.5354	537.2493002
628204	26004	187891.4886	2352.981271
628205	26046	104246.5354	7163.020852
628206	26046	104246.5354	1396.426083
628225	26036	184650.2298	3386.388627
628234	26035	319128.3827	12296.42961
628237	26035	319128.3827	917.5452308
628237	26035	319128.3827	3156.927746
628251	26019	262504.8067	618.4798012
628251	26006	149696.261	3318.265085
628261	26011	122342.077	6107.780531
628275	26027	181416.865	6161.866175
628305	8035	407542.1865	6008.623095
628313	8035	407542.1865	6005.175288
628320	8035	407542.1865	4453.399468
628321	8035	407542.1865	2866.326108
628374	8001	883927.7251	10730.25482
628374	8001	883927.7251	2766.885973
629131	2001	3439265.728	6932.92186
629170	2001	3439265.728	5907.908978
629171	2001	3439265.728	840.0761682
629225	26017	493727.1617	6039.781762
629248	26017	493727.1617	760.2272055
629253	26047	263562.6892	3800.172084
629254	26047	263562.6892	7233.605264
629255	26047	263562.6892	275.5659831
629255	26047	263562.6892	6434.789767
629256	26047	263562.6892	1381.659462
629256	26047	263562.6892	5463.047496
629257	26047	263562.6892	1902.24853
629257	26047	263562.6892	4184.800469
629257	26047	263562.6892	3209.089564
629258	26047	263562.6892	5457.562642
629258	26004	187891.4886	582.9483776
629259	26004	187891.4886	6036.162112
629260	26004	187891.4886	6043.483343
629261	26004	187891.4886	6050.572369
629262	26004	187891.4886	1434.636065
629262	26004	187891.4886	6035.000701
629262	26004	187891.4886	907.3382289
629263	26004	187891.4886	4062.071169
629283	26036	184650.2298	1374.120328
629284	26036	184650.2298	1843.004888
629291	26035	319128.3827	1731.858148
629292	26035	319128.3827	6271.734858
629293	26035	319128.3827	11544.8902
629293	26035	319128.3827	1070.747881
629293	26035	319128.3827	2156.41058
629293	26035	319128.3827	2839.405976
629294	26035	319128.3827	8061.669531
629295	26035	319128.3827	6414.033139
629296	26035	319128.3827	5927.682152
629310	26019	262504.8067	3255.423474
629319	26011	122342.077	2862.176321
629320	26011	122342.077	4651.046913
629334	26027	181416.865	1966.267973
629334	26027	181416.865	2521.519551
629334	26027	181416.865	1672.185256
629334	26027	181416.865	8.795530074
629345	26002	319258.1703	5278.385599
629364	8035	407542.1865	6007.860936
629372	8035	407542.1865	3057.835961
629373	8035	407542.1865	351.5171503
629377	8035	407542.1865	1696.850539
629378	8035	407542.1865	5047.648888
629378	8035	407542.1865	1222.666926
629378	8035	407542.1865	1184.473502
629379	8035	407542.1865	1474.599919
629379	8035	407542.1865	90.45019872
629379	8035	407542.1865	4045.526993
629379	8035	407542.1865	348.569478
629433	8001	883927.7251	5770.82885
629433	8001	883927.7251	6466.139756
629433	8001	883927.7251	990.7035518
629434	8001	883927.7251	1240.179039
630190	2001	3439265.728	4666.540333
630190	2001	3439265.728	2064.64119
630229	2001	3439265.728	6660.697991
630284	26017	493727.1617	4526.786042
630285	26017	493727.1617	3686.604343
630304	26017	493727.1617	213.5595176
630305	26017	493727.1617	3517.587737
630305	26017	493727.1617	1643.295012
630305	26017	493727.1617	3002.095921
630306	26017	493727.1617	6535.43086
630307	26017	493727.1617	5615.767809
630308	26017	493727.1617	6070.805021
630309	26017	493727.1617	6064.366198
630310	26017	493727.1617	1043.679992
630310	26017	493727.1617	896.8045858
630310	26017	493727.1617	1381.028989
630310	26017	493727.1617	5324.238421
630311	26017	493727.1617	6730.383101
630312	26017	493727.1617	1883.814002
630312	26047	263562.6892	1046.399142
630321	26004	187891.4886	5954.478988
630321	26004	187891.4886	1266.162471
630322	26004	187891.4886	839.5742906
630322	26046	104246.5354	497.1723917
630322	26004	187891.4886	4768.359026
630322	26004	187891.4886	3116.632121
630323	26046	104246.5354	6070.24666
630324	26046	104246.5354	6129.682639
630342	26036	184650.2298	3821.751317
630351	26035	319128.3827	988.6789736
630352	26035	319128.3827	2440.320046
630352	26035	319128.3827	2293.076784
630352	26035	319128.3827	1457.850695
630352	26035	319128.3827	1391.399343
630352	26035	319128.3827	4321.587268
630352	26035	319128.3827	8420.333024
630353	26035	319128.3827	4276.145695
630369	26019	262504.8067	4246.689049
630370	26019	262504.8067	677.0602977
630378	26011	122342.077	8811.644419
630393	26027	181416.865	6225.425255
630404	26002	319258.1703	6529.081724
630422	8035	407542.1865	515.0791276
630423	8035	407542.1865	9938.033116
630432	8035	407542.1865	2911.455056
630433	8035	407542.1865	5829.657671
630435	8035	407542.1865	5499.45763
630436	8035	407542.1865	5206.473655
630438	8035	407542.1865	7274.0111
630492	8001	883927.7251	12237.43459
631249	2001	3439265.728	6082.135079
631288	2001	3439265.728	6246.437978
631289	2001	3439265.728	530.4019306
631344	26017	493727.1617	3825.77999
631345	26017	493727.1617	6802.464203
631346	26017	493727.1617	1684.694243
631361	26017	493727.1617	2434.562676
631362	26017	493727.1617	6535.59253
631363	26017	493727.1617	6312.373612
631364	26017	493727.1617	5683.56009
631369	26017	493727.1617	7596.298551
631369	26017	493727.1617	427.4842454
631381	26004	187891.4886	6071.947996
631383	26046	104246.5354	544.5915511
631384	26046	104246.5354	7087.140486
631399	26036	184650.2298	116.5902441
631400	26036	184650.2298	4062.877233
631401	26036	184650.2298	318.6130041
631411	26035	319128.3827	7479.242229
631412	26035	319128.3827	5554.423098
631412	26035	319128.3827	5967.841609
631413	26035	319128.3827	4176.507913
631429	26019	262504.8067	3539.586209
631436	26019	262504.8067	4476.073851
631437	26019	262504.8067	1089.32874
631437	26011	122342.077	965.5895502
631449	26027	181416.865	2481.654011
631450	26027	181416.865	3034.303026
631451	26027	181416.865	3101.914235
631452	26027	181416.865	3700.999645
631452	26027	181416.865	111.566389
631452	26027	181416.865	590.8313081
631452	26027	181416.865	794.9778089
631453	26027	181416.865	1791.399289
631453	26027	181416.865	620.8236043
631463	26002	319258.1703	6568.274636
631480	8035	407542.1865	2579.986916
631481	8035	407542.1865	5695.978808
631492	8035	407542.1865	799.0435959
631492	8035	407542.1865	2251.730668
631493	8035	407542.1865	5695.729675
631493	8035	407542.1865	1748.048486
631493	8035	407542.1865	2890.84536
631494	8035	407542.1865	1911.348642
631497	8035	407542.1865	4906.713462
631498	8035	407542.1865	1547.782038
631551	8001	883927.7251	12300.30629
631580	8028	145603.7522	2158.437077
632307	2001	3439265.728	1782.218034
632308	2001	3439265.728	4303.100422
632347	2001	3439265.728	6800.125374
632402	26017	493727.1617	1191.769995
632405	26017	493727.1617	5060.436968
632406	26017	493727.1617	6774.677119
632407	26017	493727.1617	1190.134493
632418	26017	493727.1617	4783.803963
632419	26017	493727.1617	6509.230076
632420	26017	493727.1617	4066.124196
632427	26017	493727.1617	5998.896712
632428	26017	493727.1617	1617.685654
632440	26046	104246.5354	990.6551694
632440	26004	187891.4886	5079.694699
632443	26046	104246.5354	2727.556385
632444	26046	104246.5354	7166.967346
632445	26046	104246.5354	349.2635867
632457	26065	67801.52348	2240.025827
632458	26036	184650.2298	1790.067944
632458	26065	67801.52348	1713.005215
632471	26035	319128.3827	12007.33606
632472	26035	319128.3827	2850.466731
632473	26035	319128.3827	6622.54078
632474	26035	319128.3827	2481.725238
632488	26019	262504.8067	3394.185162
632494	26019	262504.8067	2432.033165
632495	26019	262504.8067	5914.109337
632511	26027	181416.865	2259.178786
632512	26027	181416.865	1309.630629
632512	26027	181416.865	4910.600494
632512	26027	181416.865	802.0789214
632521	26002	319258.1703	3581.590889
632522	26002	319258.1703	2857.469562
632551	8035	407542.1865	7677.781471
632557	8035	407542.1865	7015.563459
632557	8035	407542.1865	74.12614614
632557	8035	407542.1865	2907.968043
632558	8035	407542.1865	2965.510703
632610	8001	883927.7251	12287.07314
632639	8028	145603.7522	6111.803542
633366	2001	3439265.728	6258.523306
633406	2001	3439265.728	6115.608003
633461	26017	493727.1617	542.0700801
633466	26017	493727.1617	5589.894315
633467	26017	493727.1617	6732.426811
633468	26017	493727.1617	768.3337068
633475	26017	493727.1617	3902.435486
633475	26017	493727.1617	1337.567369
633476	26017	493727.1617	6524.991591
633477	26017	493727.1617	1745.579239
633485	26017	493727.1617	4013.753515
633486	26017	493727.1617	3537.823907
633499	26046	104246.5354	3379.315742
633499	26004	187891.4886	2779.097018
633504	26046	104246.5354	4022.844866
633504	26007	25345.95147	2779.900023
633505	26007	25345.95147	3901.160761
633513	26065	67801.52348	2850.505791
633514	26065	67801.52348	3138.889299
633515	26065	67801.52348	3303.811379
633516	26065	67801.52348	1493.869245
633530	26035	319128.3827	12550.99252
633533	26035	319128.3827	9201.19782
633534	26035	319128.3827	5719.655195
633535	26035	319128.3827	5644.37031
633536	26035	319128.3827	8167.998392
633537	26035	319128.3827	421.2827206
633547	26019	262504.8067	2645.043197
633548	26019	262504.8067	1993.353935
633553	26019	262504.8067	7134.60321
633571	26027	181416.865	6337.021012
633580	26002	319258.1703	6313.028618
633609	8035	407542.1865	4991.384958
633610	8035	407542.1865	1770.231138
633616	8035	407542.1865	3519.470326
633617	8035	407542.1865	6401.767564
633618	8035	407542.1865	8292.086967
633619	8035	407542.1865	167.1686216
633669	8001	883927.7251	12423.56797
633697	8028	145603.7522	3686.171894
633698	8028	145603.7522	3403.30715
634425	2001	3439265.728	5517.772588
634425	2001	3439265.728	545.9856829
634465	2001	3439265.728	6192.979717
634527	26017	493727.1617	6031.5729
634528	26017	493727.1617	6257.825422
634533	26017	493727.1617	5727.503147
634534	26017	493727.1617	2445.769463
634544	26017	493727.1617	6907.048462
634558	26046	104246.5354	1286.48219
634558	26004	187891.4886	4806.769268
634564	26007	25345.95147	2986.674445
634565	26007	25345.95147	6629.265092
634566	26007	25345.95147	6437.848756
634569	26065	67801.52348	1240.68075
634570	26065	67801.52348	3386.656363
634571	26065	67801.52348	3101.637267
634572	26065	67801.52348	826.3864985
634588	26035	319128.3827	9708.605967
634589	26035	319128.3827	2887.760077
634593	26035	319128.3827	5063.633975
634594	26035	319128.3827	4008.822522
634596	26035	319128.3827	7309.83016
634607	26019	262504.8067	3359.236919
634612	26019	262504.8067	6460.830731
634630	26027	181416.865	5783.628193
634630	26027	181416.865	839.2799236
634639	26002	319258.1703	5888.637715
634639	26002	319258.1703	175.5162078
634668	8035	407542.1865	6768.262722
634678	8035	407542.1865	7756.457077
634728	8001	883927.7251	12951.63879
634755	8028	145603.7522	4248.004123
634756	8028	145603.7522	6691.876023
635484	2001	3439265.728	6504.205822
635524	2001	3439265.728	6158.259136
635587	26017	493727.1617	701.9173794
635587	26017	493727.1617	5574.83944
635588	26017	493727.1617	2395.757015
635588	26017	493727.1617	2524.284694
635588	26017	493727.1617	3996.334996
635589	26017	493727.1617	6038.26954
635590	26017	493727.1617	6441.93536
635591	26017	493727.1617	6498.308748
635592	26017	493727.1617	187.9056399
635592	26017	493727.1617	5090.825415
635602	26017	493727.1617	6440.603387
635603	26017	493727.1617	419.0697454
635617	26046	104246.5354	1266.924585
635617	26004	187891.4886	4652.135224
635618	26004	187891.4886	160.4117278
635625	26007	25345.95147	539.960804
635626	26007	25345.95147	2071.141406
635626	26065	67801.52348	5306.384975
635627	26065	67801.52348	6159.800164
635628	26065	67801.52348	1204.061203
635628	26065	67801.52348	3936.890463
635628	26065	67801.52348	1605.666586
635647	26035	319128.3827	12499.63774
635655	26035	319128.3827	4450.239344
635656	26035	319128.3827	2434.365491
635666	26019	262504.8067	3447.535032
635668	26019	262504.8067	1946.043135
635669	26019	262504.8067	6433.947626
635670	26019	262504.8067	6857.521424
635671	26019	262504.8067	3096.781875
635689	26027	181416.865	6394.713894
635698	26002	319258.1703	3174.078336
635726	8035	407542.1865	5507.36151
635727	8035	407542.1865	1253.682456
635737	8005	572318.7616	430.3079287
635737	8035	407542.1865	1091.484431
635738	8005	572318.7616	6245.187186
635787	8001	883927.7251	12555.23053
635812	8028	145603.7522	135.9458321
635813	8028	145603.7522	6543.224962
635814	8028	145603.7522	4707.11495
636543	2001	3439265.728	6077.036072
636583	2001	3439265.728	6242.530736
636642	26017	493727.1617	117.4269645
636643	26017	493727.1617	6281.567053
636644	26017	493727.1617	6270.964511
636645	26017	493727.1617	6287.988374
636646	26017	493727.1617	1368.910598
636660	26017	493727.1617	1918.447776
636661	26017	493727.1617	5543.454069
636677	26004	187891.4886	6104.880266
636687	26065	67801.52348	1211.189622
636687	26065	67801.52348	419.245562
636687	26065	67801.52348	4321.919884
636688	26065	67801.52348	5442.026546
636706	26035	319128.3827	3695.081323
636707	26035	319128.3827	8840.898372
636715	26035	319128.3827	7366.282696
636715	26035	319128.3827	100.393116
636715	26035	319128.3827	62.82840072
636724	26019	262504.8067	1865.349543
636724	26019	262504.8067	311.8763849
636724	26019	262504.8067	283.6550641
636725	26019	262504.8067	5673.312783
636725	26019	262504.8067	1480.05219
636725	26019	262504.8067	436.3316031
636725	26019	262504.8067	472.1850997
636725	26019	262504.8067	2413.837662
636726	26019	262504.8067	1077.965508
636726	26019	262504.8067	6764.151301
636727	26019	262504.8067	4921.878671
636748	26027	181416.865	6586.600746
636757	26002	319258.1703	3300.396195
636785	8035	407542.1865	6731.40395
636797	8005	572318.7616	3117.502832
636798	8005	572318.7616	4122.684073
636846	8001	883927.7251	12417.15946
636870	8028	145603.7522	1975.735046
636871	8028	145603.7522	8262.077081
637602	2001	3439265.728	6096.515927
637642	2001	3439265.728	4459.398977
637642	2001	3439265.728	1669.756776
637698	26017	493727.1617	778.6576611
637699	26017	493727.1617	6776.209854
637700	26017	493727.1617	6105.982966
637701	26017	493727.1617	6122.178716
637719	26017	493727.1617	6286.98223
637719	26017	493727.1617	287.0183034
637719	26017	493727.1617	1808.370671
637720	26017	493727.1617	412.5018642
637736	26004	187891.4886	6246.327047
637747	26065	67801.52348	6171.31758
637765	26035	319128.3827	12089.56973
637765	26035	319128.3827	2710.701701
637765	26035	319128.3827	471.1927382
637774	26035	319128.3827	988.8714798
637774	26035	319128.3827	6966.824262
637775	26035	319128.3827	8002.58038
637776	26035	319128.3827	4758.928396
637776	26059	131846.216	873.9437056
637777	26019	262504.8067	1476.98477
637777	26019	262504.8067	1811.544725
637778	26019	262504.8067	7106.203216
637779	26019	262504.8067	6367.201736
637780	26019	262504.8067	3319.913138
637781	26019	262504.8067	1453.387406
637782	26019	262504.8067	1784.530463
637783	26019	262504.8067	7102.255206
637784	26019	262504.8067	3096.827998
637784	26019	262504.8067	1919.794088
637785	26019	262504.8067	7336.457272
637786	26019	262504.8067	2216.82951
637806	26027	181416.865	1027.206763
637807	26027	181416.865	5075.863264
637816	26002	319258.1703	3680.076123
637843	8035	407542.1865	5530.160528
637844	8035	407542.1865	1006.923372
637854	8005	572318.7616	140.4533426
637856	8005	572318.7616	3629.893417
637857	8005	572318.7616	99.95459226
637857	8005	572318.7616	191.7943592
637857	8005	572318.7616	6521.738359
637857	8005	572318.7616	1014.079846
637857	8005	572318.7616	191.9631791
637857	8005	572318.7616	1228.649898
637857	8005	572318.7616	1857.785334
637858	8005	572318.7616	1729.66307
637905	8001	883927.7251	12052.93357
637928	8028	145603.7522	7489.90109
637929	8028	145603.7522	5215.422115
638660	2001	3439265.728	1530.336253
638661	2001	3439265.728	4549.752941
638701	2001	3439265.728	6167.842861
638757	26017	493727.1617	4594.542807
638757	26017	493727.1617	2895.943799
638777	26017	493727.1617	1044.344649
638778	26017	493727.1617	5525.459325
638795	26004	187891.4886	6331.531883
638806	26065	67801.52348	5937.978556
638807	26065	67801.52348	274.3032197
638824	26035	319128.3827	12583.13278
638832	26035	319128.3827	1017.815697
638832	26059	131846.216	164.8343699
638833	26035	319128.3827	2254.147893
638833	26059	131846.216	3056.900109
638835	26059	131846.216	1845.570488
638836	26019	262504.8067	2052.632595
638836	26059	131846.216	1192.128801
638839	26019	262504.8067	4300.878063
638840	26019	262504.8067	2543.033574
638840	26019	262504.8067	4200.340748
638840	26019	262504.8067	1705.824823
638841	26019	262504.8067	4599.42623
638845	26019	262504.8067	4207.805824
638846	26019	262504.8067	6407.074791
638847	26019	262504.8067	6406.665251
638848	26019	262504.8067	86.74409999
638865	26027	181416.865	3623.420984
638865	26002	319258.1703	2501.508777
638875	26002	319258.1703	299.3171935
638876	26002	319258.1703	3033.471287
638902	8035	407542.1865	7066.197473
638910	8035	407542.1865	165.6228732
638911	8035	407542.1865	2710.897567
638912	8005	572318.7616	2878.431898
638912	8035	407542.1865	817.4481659
638913	8005	572318.7616	3635.553102
638914	8005	572318.7616	3295.109877
638915	8005	572318.7616	2144.045267
638916	8005	572318.7616	3302.531009
638917	8005	572318.7616	6566.166382
638918	8005	572318.7616	2132.462735
638964	8037	482200.7524	1232.756567
638964	8001	883927.7251	10833.93248
638985	8053	114963.7008	581.1912166
638985	8028	145603.7522	154.9947873
638986	8028	145603.7522	3518.411426
638987	8028	145603.7522	4345.238
639719	2001	3439265.728	6079.762195
639759	2001	3439265.728	5947.646926
639760	2001	3439265.728	321.7517802
639816	26017	493727.1617	6011.083985
639836	26017	493727.1617	6876.844396
639836	26017	493727.1617	690.0983255
639854	26004	187891.4886	6200.887269
639866	26065	67801.52348	1523.762117
639866	26060	182449.8131	5028.916842
639882	26043	278327.4303	2353.611413
639883	26043	278327.4303	4937.626858
639883	26035	319128.3827	4804.338657
639890	26035	319128.3827	441.7520873
639891	26035	319128.3827	4825.839503
639891	26059	131846.216	3529.379801
639907	26019	262504.8067	6749.525557
639908	26019	262504.8067	3011.214642
639908	26019	262504.8067	2548.235234
639924	26002	319258.1703	4142.845453
639924	26002	319258.1703	2159.811598
639935	26002	319258.1703	914.5754154
639935	26002	319258.1703	2199.279772
639960	8035	407542.1865	7540.350432
639961	8035	407542.1865	361.8202619
639969	8035	407542.1865	5512.858024
639970	8035	407542.1865	304.6082499
639971	8035	407542.1865	345.2350968
639975	8005	572318.7616	3204.662734
639977	8005	572318.7616	6117.654734
639978	8005	572318.7616	2629.435636
640023	8037	482200.7524	3662.813313
640023	8037	482200.7524	8353.158209
640043	8053	114963.7008	2128.825565
640044	8053	114963.7008	1369.145533
640044	8053	114963.7008	2469.895747
640045	8053	114963.7008	3254.209258
640045	8028	145603.7522	2813.406185
640778	2001	3439265.728	6037.750997
640818	2001	3439265.728	6006.524532
640875	26017	493727.1617	4112.481754
640875	26017	493727.1617	1901.04369
640875	26017	493727.1617	996.4630697
640894	26017	493727.1617	3384.386008
640895	26017	493727.1617	3156.269399
640913	26004	187891.4886	6139.886396
640925	26060	182449.8131	6714.084011
640941	26043	278327.4303	9016.613578
640942	26043	278327.4303	3469.570824
640949	26035	319128.3827	2021.789394
640949	26059	131846.216	4160.541886
640967	26019	262504.8067	1370.499813
640968	26019	262504.8067	6952.822792
640969	26019	262504.8067	4629.478652
640983	26002	319258.1703	883.7312727
640984	26002	319258.1703	6476.788458
640993	26002	319258.1703	128.1715498
641018	8035	407542.1865	6148.222668
641019	8035	407542.1865	1701.475457
641025	8035	407542.1865	1780.657487
641026	8035	407542.1865	6980.327974
641027	8035	407542.1865	6002.658628
641028	8035	407542.1865	669.5297407
641028	8035	407542.1865	122.3728093
641033	8005	572318.7616	3200.441004
641034	8005	572318.7616	271.6300694
641037	8005	572318.7616	5616.794364
641038	8005	572318.7616	3118.067644
641082	8037	482200.7524	12014.64032
641102	8053	114963.7008	4726.671239
641102	8053	114963.7008	1534.962212
641103	8053	114963.7008	7596.909287
641837	2001	3439265.728	6245.516703
641877	2001	3439265.728	531.1115099
641877	2001	3439265.728	5476.514697
641934	26017	493727.1617	6019.668578
641953	26017	493727.1617	6311.399065
641972	26004	187891.4886	6235.14374
641973	26004	187891.4886	858.3696894
641984	26065	67801.52348	991.5096566
641984	26060	182449.8131	4958.265598
641985	26060	182449.8131	433.8888117
642000	26043	278327.4303	12185.21853
642008	26059	131846.216	6161.601208
642028	26019	262504.8067	3135.54129
642029	26019	262504.8067	6405.72581
642030	26019	262504.8067	3119.315675
642043	26002	319258.1703	4514.25631
642044	26002	319258.1703	5787.653283
642044	26002	319258.1703	344.198927
642076	8035	407542.1865	4771.024476
642077	8035	407542.1865	3126.015226
642092	8005	572318.7616	3198.565004
642097	8005	572318.7616	6263.070107
642098	8005	572318.7616	1216.250567
642103	8005	572318.7616	4111.578522
642104	8005	572318.7616	2867.675818
642141	8037	482200.7524	12204.39371
642160	8053	114963.7008	4796.624497
642161	8053	114963.7008	2764.301457
642161	8053	114963.7008	6037.207594
642162	8053	114963.7008	1188.695743
642896	2001	3439265.728	6920.633964
642936	2001	3439265.728	6009.777723
642993	26017	493727.1617	6259.80902
643012	26017	493727.1617	6245.817461
643032	26004	187891.4886	7406.995654
643043	26060	182449.8131	2422.463094
643044	26060	182449.8131	4072.785689
643053	26043	278327.4303	1716.810569
643054	26043	278327.4303	1804.977942
643059	26043	278327.4303	14083.69589
643066	26059	131846.216	2693.571166
643067	26059	131846.216	5588.216984
643067	26059	131846.216	5551.253153
643067	26059	131846.216	1982.157089
643068	26059	131846.216	391.4989527
643081	26019	262504.8067	5374.159852
643089	26039	93512.54576	1448.38349
643089	26019	262504.8067	4303.587034
643090	26039	93512.54576	1934.885332
643102	26002	319258.1703	1248.226876
643103	26002	319258.1703	6686.354848
643134	8035	407542.1865	3402.328761
643135	8035	407542.1865	4467.931792
643151	8005	572318.7616	3020.004232
643157	8005	572318.7616	6764.8236
643157	8005	572318.7616	732.5165425
643158	8005	572318.7616	7402.521238
643159	8005	572318.7616	6814.214682
643160	8005	572318.7616	6055.69609
643161	8005	572318.7616	6749.759665
643162	8005	572318.7616	2060.998805
643200	8037	482200.7524	13615.04815
643218	8053	114963.7008	5301.499689
643218	8053	114963.7008	3361.40613
643219	8053	114963.7008	3545.242322
643219	8053	114963.7008	8974.115023
643220	8053	114963.7008	3017.02085
643954	2001	3439265.728	2772.490995
643955	2001	3439265.728	3809.788406
643995	2002	1833005.673	1387.826661
643995	2001	3439265.728	255.9771197
643996	2002	1833005.673	6798.697702
644052	26048	328428.8202	207.4813801
644052	26017	493727.1617	841.51268
644053	26048	328428.8202	3888.096402
644053	26017	493727.1617	1768.113144
644070	26017	493727.1617	2189.129594
644071	26017	493727.1617	4052.030882
644091	26004	187891.4886	1873.075697
644092	26004	187891.4886	4946.849644
644103	26060	182449.8131	1257.367131
644103	26060	182449.8131	2165.220566
644103	26060	182449.8131	5402.541457
644103	26060	182449.8131	2114.305031
644111	26043	278327.4303	2604.497389
644112	26043	278327.4303	6978.552984
644113	26043	278327.4303	7328.097946
644117	26043	278327.4303	11902.13633
644118	26043	278327.4303	3082.442765
644124	26059	131846.216	6910.892788
644125	26059	131846.216	3787.420881
644127	26059	131846.216	8915.574456
644128	26059	131846.216	8606.939105
644139	26019	262504.8067	7428.045063
644140	26019	262504.8067	7651.657004
644140	26019	262504.8067	706.4790678
644149	26039	93512.54576	7029.816335
644150	26039	93512.54576	1030.462752
644161	26002	319258.1703	6162.571717
644192	8035	407542.1865	3201.93774
644193	8035	407542.1865	5431.085495
644210	8005	572318.7616	3028.339925
644216	8005	572318.7616	1096.234519
644216	8005	572318.7616	605.7924821
644216	8005	572318.7616	558.1832348
644217	8005	572318.7616	6871.359474
644217	8005	572318.7616	631.5005861
644259	8037	482200.7524	3193.656066
644259	8037	482200.7524	7132.180734
644275	8053	114963.7008	393.0426321
644276	8053	114963.7008	8212.792219
644276	8053	114963.7008	458.9345905
644277	8053	114963.7008	2569.116902
644277	8053	114963.7008	6249.837621
645013	2001	3439265.728	6807.987141
645055	2002	1833005.673	6862.746504
645112	26017	493727.1617	1410.056811
645112	26017	493727.1617	5109.060092
645129	26017	493727.1617	6243.502344
645151	26004	187891.4886	6017.286753
645160	26060	182449.8131	865.1914676
645161	26060	182449.8131	9257.701288
645162	26060	182449.8131	22.1672319
645162	26060	182449.8131	3446.419128
645165	26060	182449.8131	212.6753774
645166	26060	182449.8131	2545.015295
645168	26043	278327.4303	1465.284482
645169	26043	278327.4303	7539.894003
645170	26043	278327.4303	4044.708303
645172	26043	278327.4303	1841.122524
645173	26043	278327.4303	6390.692289
645174	26043	278327.4303	819.3501608
645176	26043	278327.4303	7197.295541
645176	26043	278327.4303	295.1813663
645176	26043	278327.4303	6030.297079
645183	26059	131846.216	6484.15697
645187	26059	131846.216	3987.939208
645187	26059	131846.216	2197.677045
645196	26019	262504.8067	4148.860533
645197	26019	262504.8067	6633.579106
645198	26019	262504.8067	263.7059047
645199	26019	262504.8067	6124.322962
645209	26039	93512.54576	723.0872023
645209	26039	93512.54576	6699.641052
645209	26039	93512.54576	5541.582938
645210	26039	93512.54576	6884.630041
645220	26002	319258.1703	6230.950033
645250	8035	407542.1865	3066.18341
645251	8035	407542.1865	2140.941954
645251	8035	407542.1865	3156.540747
645251	8035	407542.1865	5199.180616
645252	8035	407542.1865	6255.067403
645269	8005	572318.7616	3022.068803
645276	8005	572318.7616	1529.457453
645277	8005	572318.7616	7017.07819
645318	8037	482200.7524	626.1490209
645319	8037	482200.7524	5685.138304
645334	8053	114963.7008	8018.616114
645335	8053	114963.7008	6843.450832
645336	8053	114963.7008	2479.087425
646071	2001	3439265.728	2779.400735
646071	2001	3439265.728	947.9279776
646072	2001	3439265.728	3097.801437
646113	2002	1833005.673	3281.904428
646114	2002	1833005.673	5751.806985
646171	26017	493727.1617	6782.553023
646188	26017	493727.1617	6242.060422
646210	26004	187891.4886	6395.000712
646219	26060	182449.8131	8258.359944
646221	26060	182449.8131	14.84412625
646222	26060	182449.8131	3413.325038
646223	26060	182449.8131	3032.443324
646224	26060	182449.8131	3902.352071
646225	26043	278327.4303	1119.417416
646225	26060	182449.8131	577.6763523
646226	26043	278327.4303	3380.705373
646227	26043	278327.4303	3691.148186
646227	26043	278327.4303	265.7771305
646227	26043	278327.4303	2212.432551
646232	26043	278327.4303	2530.336635
646233	26043	278327.4303	5794.577447
646234	26043	278327.4303	5126.449904
646234	26043	278327.4303	6366.931525
646234	26043	278327.4303	5472.463661
646234	26043	278327.4303	201.4322111
646235	26043	278327.4303	1304.099037
646241	26043	278327.4303	4746.871349
646242	26043	278327.4303	1110.153582
646242	26059	131846.216	725.188839
646246	26059	131846.216	6472.008781
646258	26019	262504.8067	1727.233008
646268	26039	93512.54576	1118.416152
646268	26039	93512.54576	5205.583462
646269	26039	93512.54576	1225.00004
646270	26039	93512.54576	8256.554504
646271	26039	93512.54576	105.6249799
646278	26002	319258.1703	4263.25534
646279	26002	319258.1703	4583.675949
646279	26002	319258.1703	1420.587637
646279	26002	319258.1703	2254.1064
646308	8035	407542.1865	4432.414357
646309	8035	407542.1865	5005.756991
646311	8035	407542.1865	6033.913199
646328	8005	572318.7616	1350.831469
646328	8005	572318.7616	1674.32922
646336	8005	572318.7616	1539.278689
646337	8005	572318.7616	4903.708267
646378	8037	482200.7524	4922.330564
646378	8037	482200.7524	2703.274789
646390	8028	145603.7522	5865.135328
646391	8028	145603.7522	4973.735364
646391	8028	145603.7522	1186.274286
646392	8053	114963.7008	2529.735811
646392	8028	145603.7522	3606.223873
646393	8053	114963.7008	2958.603606
646393	8053	114963.7008	6927.46545
646394	8053	114963.7008	2294.521487
647130	2001	3439265.728	7213.521868
647171	2002	1833005.673	7158.791503
647172	2002	1833005.673	3419.757945
647229	26048	328428.8202	229.1942202
647229	26017	493727.1617	4033.091545
647230	26017	493727.1617	2491.429828
647247	26017	493727.1617	6241.572385
647269	26004	187891.4886	6901.830372
647277	26060	182449.8131	3837.936232
647278	26060	182449.8131	3061.408245
647293	26043	278327.4303	12729.39537
647300	26043	278327.4303	6472.774119
647305	26059	131846.216	6082.701073
647327	26039	93512.54576	6310.164101
647330	26039	93512.54576	1656.011006
647330	26039	93512.54576	2860.964605
647330	26039	93512.54576	2289.498644
647331	26039	93512.54576	6132.72126
647332	26039	93512.54576	6185.057291
647333	26039	93512.54576	3656.278957
647333	26002	319258.1703	2819.221607
647334	26002	319258.1703	6127.151206
647335	26002	319258.1703	283.193818
647338	26002	319258.1703	6003.586565
647352	26002	319258.1703	1248.820643
647353	26002	319258.1703	6121.605353
647354	26002	319258.1703	4040.629753
647355	26002	319258.1703	1229.882299
647356	26002	319258.1703	4592.689515
647357	26002	319258.1703	6527.050707
647358	26002	319258.1703	981.9096507
647359	26002	319258.1703	2949.796
647360	26002	319258.1703	6102.521882
647361	26002	319258.1703	6075.82669
647362	26002	319258.1703	6009.831198
647363	26002	319258.1703	6303.030324
647364	26002	319258.1703	2738.337632
647364	8035	407542.1865	4780.991233
647365	8035	407542.1865	6631.458393
647366	8035	407542.1865	6349.634661
647367	8035	407542.1865	2993.518408
647370	8035	407542.1865	2095.703642
647371	8035	407542.1865	5899.534018
647386	8005	572318.7616	2599.384821
647387	8005	572318.7616	5007.77169
647396	8005	572318.7616	2757.712384
647396	8005	572318.7616	3309.781891
647396	8005	572318.7616	2946.344876
647437	8037	482200.7524	12200.40803
647438	8037	482200.7524	528.6074281
647439	8037	482200.7524	259.0486401
647447	8028	145603.7522	1853.377229
647448	8028	145603.7522	6588.435613
647449	8028	145603.7522	2557.380455
647449	8028	145603.7522	6972.950138
647450	8028	145603.7522	6036.667911
647451	8053	114963.7008	1565.973634
647451	8028	145603.7522	4476.067527
647452	8053	114963.7008	814.5992259
648188	2001	3439265.728	5502.149243
648189	2001	3439265.728	1219.139961
648229	2002	1833005.673	2472.291669
648229	2002	1833005.673	4062.213633
648230	2002	1833005.673	1632.042872
648288	26048	328428.8202	6784.647135
648305	26017	493727.1617	5635.069558
648306	26017	493727.1617	808.5556619
648328	26004	187891.4886	1710.514851
648329	26004	187891.4886	2174.627796
648329	26004	187891.4886	3255.990764
648336	26060	182449.8131	6149.004677
648352	26043	278327.4303	294.0559004
648353	26043	278327.4303	13600.97846
648358	26043	278327.4303	2250.079169
648359	26043	278327.4303	4523.063082
648364	26059	131846.216	6099.962034
648385	26039	93512.54576	5402.357616
648386	26039	93512.54576	741.9857833
648394	26002	319258.1703	5849.635722
648395	26002	319258.1703	6149.372019
648396	26002	319258.1703	6136.198432
648397	26002	319258.1703	1940.480116
648397	26002	319258.1703	4124.198705
648397	26002	319258.1703	2439.639197
648397	26002	319258.1703	1957.503791
648398	26002	319258.1703	6552.865607
648399	26002	319258.1703	5629.180215
648401	26002	319258.1703	6362.845801
648402	26002	319258.1703	6332.700986
648403	26002	319258.1703	6196.025664
648404	26002	319258.1703	6009.811433
648405	26002	319258.1703	6039.482537
648406	26002	319258.1703	4782.516558
648406	26002	319258.1703	1277.002199
648407	26002	319258.1703	6037.559596
648408	26002	319258.1703	6238.426147
648409	26002	319258.1703	6228.327152
648410	26002	319258.1703	6008.345567
648411	26002	319258.1703	4867.398042
648413	26002	319258.1703	2923.644009
648414	26002	319258.1703	6706.164491
648415	26002	319258.1703	3196.408019
648417	26002	319258.1703	5218.405703
648418	26002	319258.1703	3131.239511
648445	8005	572318.7616	3036.265604
648455	8005	572318.7616	6669.017782
648496	8037	482200.7524	11458.60304
648496	8037	482200.7524	577.8864214
648496	8037	482200.7524	2666.826312
648497	8037	482200.7524	7736.196716
648506	8028	145603.7522	7277.74787
648506	8028	145603.7522	5454.834869
648507	8028	145603.7522	6466.23971
648508	8028	145603.7522	1384.289101
649247	2001	3439265.728	6692.662602
649252	2001	3439265.728	628.9028859
649261	2001	3439265.728	3761.691331
649263	2001	3439265.728	496.3795017
649264	2001	3439265.728	1247.14564
649288	2002	1833005.673	5862.669713
649346	26048	328428.8202	6090.95398
649347	26048	328428.8202	1448.370236
649364	26017	493727.1617	6770.803144
649388	26004	187891.4886	5550.686984
649389	26004	187891.4886	1823.484603
649395	26060	182449.8131	6165.697245
649412	26043	278327.4303	7887.795256
649412	26043	278327.4303	2696.37482
649413	26043	278327.4303	3292.102259
649417	26043	278327.4303	7852.345994
649423	26059	131846.216	6428.318729
649444	26039	93512.54576	4714.507855
649444	26039	93512.54576	373.2024067
649444	26039	93512.54576	550.8612255
649445	26039	93512.54576	2381.570862
649445	26039	93512.54576	785.5385392
649446	26039	93512.54576	1717.684298
649458	26002	319258.1703	696.7508911
649459	26002	319258.1703	6100.266931
649460	26002	319258.1703	388.8166881
649504	8005	572318.7616	3178.689784
649514	8005	572318.7616	2938.97703
649515	8005	572318.7616	6771.565228
649516	8005	572318.7616	1409.31776
649555	8037	482200.7524	45.83369499
649555	8037	482200.7524	12144.32774
649563	8037	482200.7524	3043.597611
649563	8037	482200.7524	1366.726436
649564	8037	482200.7524	3909.735767
649564	8028	145603.7522	2936.932348
649564	8037	482200.7524	4425.960949
649564	8028	145603.7522	2208.152438
649565	8028	145603.7522	1353.697861
649565	8028	145603.7522	2944.538957
650305	2001	3439265.728	5473.285181
650306	2001	3439265.728	1236.11285
650309	2001	3439265.728	3171.311578
650310	2001	3439265.728	4094.637351
650311	2001	3439265.728	2758.728287
650312	2001	3439265.728	3686.459049
650313	2001	3439265.728	4002.034382
650314	2001	3439265.728	3979.559442
650315	2001	3439265.728	3728.196446
650316	2001	3439265.728	3489.501701
650317	2001	3439265.728	1383.917331
650317	2001	3439265.728	2958.139786
650318	2001	3439265.728	75.70531794
650319	2001	3439265.728	7619.587504
650320	2001	3439265.728	5399.892915
650321	2001	3439265.728	8998.162404
650322	2001	3439265.728	9576.944162
650323	2001	3439265.728	9102.815074
650324	2001	3439265.728	781.6135698
650346	2002	1833005.673	4959.298225
650404	26048	328428.8202	3666.672269
650405	26048	328428.8202	3874.510675
650422	26017	493727.1617	4743.999859
650423	26017	493727.1617	1982.572221
650448	26004	187891.4886	6682.695941
650454	26060	182449.8131	6413.624779
650471	26043	278327.4303	75.46294766
650472	26043	278327.4303	12193.10641
650474	26043	278327.4303	3476.018547
650475	26043	278327.4303	5522.518615
650475	26043	278327.4303	130.780072
650475	26043	278327.4303	3194.925556
650475	26043	278327.4303	3956.182947
650476	26043	278327.4303	1397.306854
650476	26043	278327.4303	6371.971973
650477	26043	278327.4303	6206.437166
650478	26043	278327.4303	6433.984782
650479	26043	278327.4303	1871.932036
650481	26059	131846.216	120.3609733
650482	26059	131846.216	2273.215131
650482	26059	131846.216	5029.922076
650482	26059	131846.216	4411.652863
650504	26039	93512.54576	550.4731562
650559	8005	572318.7616	107.0499033
650560	8005	572318.7616	3024.325657
650561	8005	572318.7616	3003.414234
650562	8005	572318.7616	3060.51854
650563	8005	572318.7616	2643.58803
650575	8005	572318.7616	5392.698631
650576	8005	572318.7616	6817.585432
650577	8005	572318.7616	466.1643194
650614	8037	482200.7524	12013.38742
650621	8037	482200.7524	571.0235693
650622	8037	482200.7524	6855.63043
650622	8037	482200.7524	6701.651162
651364	2001	3439265.728	2458.363026
651364	2001	3439265.728	2396.819802
651364	2001	3439265.728	1658.014941
651364	2001	3439265.728	1290.843278
651366	2001	3439265.728	4332.554211
651367	2001	3439265.728	3297.813489
651368	2001	3439265.728	311.3321796
651377	2001	3439265.728	7859.991892
651378	2001	3439265.728	4972.86758
651383	2001	3439265.728	6309.535395
651384	2001	3439265.728	6672.651332
651385	2001	3439265.728	6255.622828
651386	2001	3439265.728	3614.343155
651405	2002	1833005.673	6194.204483
651462	26048	328428.8202	1271.899432
651463	26048	328428.8202	6241.155808
651481	26017	493727.1617	6244.344577
651507	26004	187891.4886	1588.11965
651507	26060	182449.8131	4942.441723
651512	26060	182449.8131	3352.09499
651513	26060	182449.8131	3038.015905
651530	26043	278327.4303	261.4586415
651533	26043	278327.4303	1248.080751
651538	26043	278327.4303	3977.823767
651538	26059	131846.216	1488.883376
651539	26059	131846.216	6360.957343
651540	26059	131846.216	6433.153234
651541	26059	131846.216	1837.701583
651636	8005	572318.7616	6338.63668
651637	8005	572318.7616	1566.987885
651637	8005	572318.7616	2388.76613
651637	8005	572318.7616	4825.552762
651638	8005	572318.7616	5833.044586
651673	8037	482200.7524	12020.00722
651680	8037	482200.7524	7274.633556
651680	8037	482200.7524	2196.004316
651681	8037	482200.7524	4664.611561
652422	2001	3439265.728	433.1067975
652422	2001	3439265.728	3056.876698
652423	2001	3439265.728	3321.033033
652423	2001	3439265.728	1543.302325
652424	2001	3439265.728	3317.387758
652425	2001	3439265.728	1349.745485
652445	2001	3439265.728	5841.081255
652463	2002	1833005.673	3803.268982
652464	2002	1833005.673	2473.908545
652520	26048	328428.8202	3130.152577
652521	26048	328428.8202	6743.716127
652539	26017	493727.1617	707.9929663
652540	26017	493727.1617	1708.298678
652540	26017	493727.1617	4398.651713
652540	26017	493727.1617	3840.229469
652566	26060	182449.8131	1141.665113
652567	26060	182449.8131	6959.230566
652571	26060	182449.8131	6416.105098
652696	8005	572318.7616	6012.075725
652697	8005	572318.7616	261.0384248
652698	8005	572318.7616	6093.704254
652699	8005	572318.7616	6103.88917
652700	8005	572318.7616	6102.417885
652701	8005	572318.7616	6102.30187
652702	8005	572318.7616	6102.221386
652703	8005	572318.7616	2382.910708
652732	8037	482200.7524	7074.190953
652732	8037	482200.7524	1257.302939
652738	8037	482200.7524	2918.005449
652739	8037	482200.7524	4286.886193
652739	8037	482200.7524	6804.696627
653481	2001	3439265.728	7171.702796
653522	2002	1833005.673	3347.24954
653522	2002	1833005.673	2906.036572
653578	26048	328428.8202	6015.600166
653579	26048	328428.8202	4257.576641
653597	26017	493727.1617	826.5852913
653598	26017	493727.1617	7714.415739
653626	26060	182449.8131	1703.809526
653627	26060	182449.8131	6364.264315
653630	26060	182449.8131	6395.816495
653751	8005	572318.7616	347.7123035
653752	8005	572318.7616	6356.537852
653753	8005	572318.7616	6495.39583
653754	8005	572318.7616	6084.533623
653755	8005	572318.7616	634.5172094
653755	8005	572318.7616	5374.215145
653755	8005	572318.7616	1436.835528
653762	8005	572318.7616	3717.141672
653763	8005	572318.7616	6103.757529
653764	8005	572318.7616	6103.094617
653765	8005	572318.7616	3191.832702
653765	8005	572318.7616	1441.204394
653765	8005	572318.7616	1466.611373
653766	8005	572318.7616	6104.142643
653767	8005	572318.7616	4709.878908
653791	8037	482200.7524	7414.371615
653791	8037	482200.7524	549.3800541
653791	8037	482200.7524	752.6079372
653797	8037	482200.7524	6668.33183
653797	8037	482200.7524	5496.512288
653798	8037	482200.7524	3198.440735
654539	2001	3439265.728	740.5393541
654540	2001	3439265.728	2241.617912
654540	2001	3439265.728	3249.715347
654540	2001	3439265.728	3574.547928
654581	2002	1833005.673	6262.584154
654635	26048	328428.8202	1434.915825
654636	26048	328428.8202	1091.776322
654636	26048	328428.8202	6318.399301
654637	26048	328428.8202	1379.038771
654656	26017	493727.1617	4903.422648
654656	26017	493727.1617	2167.885176
654686	26060	182449.8131	2261.605976
654687	26060	182449.8131	7312.987757
654688	26060	182449.8131	5338.03896
654689	26060	182449.8131	1081.749781
654810	8005	572318.7616	3205.54867
654814	8005	572318.7616	6252.079806
654826	8005	572318.7616	1396.06996
654827	8005	572318.7616	6095.0042
654828	8005	572318.7616	6097.524868
654829	8005	572318.7616	6102.699733
654830	8005	572318.7616	6102.896492
654831	8005	572318.7616	6103.927449
654832	8005	572318.7616	1234.554916
654850	8037	482200.7524	1256.454928
654850	8037	482200.7524	7308.159028
654851	8037	482200.7524	1534.721752
654855	8037	482200.7524	1528.105444
654856	8037	482200.7524	5082.375054
654856	8037	482200.7524	6367.477929
655598	2001	3439265.728	4205.192554
655599	2001	3439265.728	2230.576444
655639	2002	1833005.673	1636.451779
655640	2002	1833005.673	4631.283441
655693	26048	328428.8202	5694.952844
655694	26048	328428.8202	5968.823136
655714	26048	328428.8202	3103.592506
655714	26017	493727.1617	171.4969384
655715	26017	493727.1617	3287.378184
655715	26017	493727.1617	301.1471573
655746	26060	182449.8131	826.7288429
655747	26060	182449.8131	5298.177027
655747	26060	182449.8131	5712.890133
655747	26060	182449.8131	665.5984761
655873	8005	572318.7616	6013.544189
655891	8005	572318.7616	4871.543972
655892	8005	572318.7616	6099.636025
655893	8005	572318.7616	6103.560148
655894	8005	572318.7616	6083.235898
655895	8005	572318.7616	6000.365894
655896	8005	572318.7616	6000.062939
655897	8005	572318.7616	6000.094532
655898	8005	572318.7616	6000.095106
655899	8037	482200.7524	4787.235195
655899	8005	572318.7616	1212.828469
655900	8037	482200.7524	6000.054371
655901	8037	482200.7524	6000.003018
655902	8037	482200.7524	5307.525271
655902	8037	482200.7524	692.5140497
655902	8037	482200.7524	1699.963409
655903	8037	482200.7524	6000.018036
655904	8037	482200.7524	6000.27499
655905	8037	482200.7524	6000.102757
655906	8037	482200.7524	6000.152217
655907	8037	482200.7524	6000.276789
655908	8037	482200.7524	6822.453028
655909	8037	482200.7524	3577.049051
655909	8037	482200.7524	2730.869062
655910	8037	482200.7524	2704.464797
655910	8037	482200.7524	159.5083901
655910	8037	482200.7524	1487.494675
655910	8037	482200.7524	3572.416755
655910	8037	482200.7524	8733.600952
655911	8037	482200.7524	11929.82442
655911	8037	482200.7524	25.76451985
655912	8037	482200.7524	3567.200679
655913	8037	482200.7524	729.5066305
655914	8037	482200.7524	7270.419793
655914	8037	482200.7524	3753.541346
655915	8037	482200.7524	2614.16922
656658	2001	3439265.728	7767.310291
656659	2001	3439265.728	3627.101003
656698	2002	1833005.673	6263.025501
656743	26048	328428.8202	2215.179973
656743	26048	328428.8202	742.2320757
656744	26048	328428.8202	6212.874435
656745	26048	328428.8202	1706.213977
656749	26048	328428.8202	2224.614883
656750	26048	328428.8202	6417.28984
656751	26048	328428.8202	6525.56772
656752	26048	328428.8202	995.3676234
656773	26048	328428.8202	6834.083262
656806	26060	182449.8131	6654.038977
656932	8005	572318.7616	6010.014249
656961	8037	482200.7524	6002.655348
656969	8037	482200.7524	6215.429475
656972	8037	482200.7524	5023.408826
656973	8037	482200.7524	3311.40414
656973	8037	482200.7524	7083.994619
657718	2001	3439265.728	846.0368959
657718	2001	3439265.728	2220.516752
657719	2001	3439265.728	7223.479922
657757	2002	1833005.673	6262.605525
657802	26048	328428.8202	4445.84862
657802	26048	328428.8202	1612.621994
657803	26048	328428.8202	698.4051551
657804	26048	328428.8202	4342.989002
657805	26048	328428.8202	6058.252725
657806	26048	328428.8202	6043.220887
657807	26048	328428.8202	6213.090426
657808	26048	328428.8202	4170.276978
657831	26048	328428.8202	4441.716163
657832	26048	328428.8202	2390.068384
657865	26060	182449.8131	1811.262138
657866	26060	182449.8131	4904.73245
657991	8005	572318.7616	6013.634575
658020	8037	482200.7524	6003.242962
658028	8037	482200.7524	6195.521821
658030	8037	482200.7524	1228.935689
658031	8037	482200.7524	5370.708218
658032	8037	482200.7524	2680.005927
658778	2001	3439265.728	7055.376163
658816	2002	1833005.673	6269.787294
658862	26048	328428.8202	7143.194329
658890	26048	328428.8202	6826.221415
658925	26060	182449.8131	3824.904245
658925	26060	182449.8131	697.974209
659050	8005	572318.7616	6014.895997
659079	8037	482200.7524	6003.158573
659087	8037	482200.7524	6451.502196
659088	8037	482200.7524	684.2811259
659089	8037	482200.7524	8056.344664
659837	2001	3439265.728	6207.957457
659874	2002	1833005.673	5859.109589
659875	2002	1833005.673	413.6121577
659921	26048	328428.8202	3199.052608
659922	26048	328428.8202	3967.778851
659948	26048	328428.8202	5518.164731
659949	26048	328428.8202	1304.876326
660109	8005	572318.7616	6013.780857
660138	8037	482200.7524	3159.813747
660139	8037	482200.7524	2843.846737
660146	8037	482200.7524	3337.90478
660146	8037	482200.7524	6130.633333
660146	8037	482200.7524	1109.553219
660147	8037	482200.7524	7853.268075
660891	2001	3439265.728	2416.746973
660895	2001	3439265.728	1629.179875
660896	2001	3439265.728	4739.689618
660922	2002	1833005.673	4153.057978
660922	2002	1833005.673	25.39970964
660923	2002	1833005.673	6173.4387
660933	2002	1833005.673	6264.795376
660981	26048	328428.8202	7009.184026
660982	26048	328428.8202	153.293897
661007	26048	328428.8202	6823.352757
661168	8005	572318.7616	6097.055725
661198	8037	482200.7524	6153.394031
661205	8037	482200.7524	1324.390335
661950	2001	3439265.728	7719.16483
661954	2001	3439265.728	5724.329748
661954	2001	3439265.728	413.8067383
661954	2001	3439265.728	1638.106593
661955	2001	3439265.728	1488.673168
661960	2001	3439265.728	139.5607504
661961	2001	3439265.728	1071.134491
661967	2001	3439265.728	2939.051825
661978	2002	1833005.673	4320.666057
661979	2002	1833005.673	6319.389147
661980	2002	1833005.673	6336.212608
661981	2002	1833005.673	2150.516845
661982	2002	1833005.673	38.76126045
661983	2002	1833005.673	6261.166788
661984	2002	1833005.673	6275.03481
661985	2002	1833005.673	3348.519246
661992	2002	1833005.673	6284.101031
662041	26048	328428.8202	7160.778194
662065	26048	328428.8202	2208.416737
662065	26070	382330.9232	4332.211845
662066	26048	328428.8202	258.0405679
662227	8005	572318.7616	6114.51567
662257	8037	482200.7524	6003.577998
663009	2001	3439265.728	5676.849682
663010	2001	3439265.728	4458.607301
663013	2001	3439265.728	6250.7459
663014	2001	3439265.728	6925.892815
663015	2001	3439265.728	6342.407333
663016	2001	3439265.728	6977.631105
663017	2001	3439265.728	8857.911337
663018	2001	3439265.728	2965.863005
663019	2001	3439265.728	9396.172139
663020	2001	3439265.728	5616.3093
663021	2001	3439265.728	7491.817567
663022	2001	3439265.728	7537.281193
663023	2001	3439265.728	388.1991955
663026	2001	3439265.728	6541.180849
663034	2001	3439265.728	2964.051198
663035	2001	3439265.728	6129.329065
663036	2001	3439265.728	7315.046385
663037	2002	1833005.673	780.2816098
663037	2001	3439265.728	1227.449808
663044	2002	1833005.673	6772.637706
663050	2002	1833005.673	4074.894039
663051	2002	1833005.673	2183.317863
663100	26048	328428.8202	3700.526015
663101	26048	328428.8202	3437.772891
663123	26070	382330.9232	759.2854289
663124	26070	382330.9232	6086.72988
663286	8005	572318.7616	6118.609451
663286	8005	572318.7616	3835.888879
663287	8005	572318.7616	6157.839991
663288	8005	572318.7616	4895.04156
663315	8037	482200.7524	681.2410142
663316	8037	482200.7524	350.8955253
663316	8037	482200.7524	667.1009854
663316	8037	482200.7524	603.8672313
664066	2001	3439265.728	3435.793152
664066	2001	3439265.728	2663.528562
664067	2001	3439265.728	1111.84295
664067	2001	3439265.728	341.5268302
664069	2001	3439265.728	4170.121693
664070	2001	3439265.728	3245.864009
664071	2001	3439265.728	4296.425916
664072	2001	3439265.728	4684.431784
664077	2001	3439265.728	3917.632093
664082	2001	3439265.728	8254.650318
664085	2001	3439265.728	1038.133459
664086	2001	3439265.728	5801.984977
664091	2001	3439265.728	3799.350121
664092	2001	3439265.728	6201.436838
664093	2001	3439265.728	4360.500959
664103	2002	1833005.673	1341.788775
664104	2002	1833005.673	7000.985769
664109	2002	1833005.673	6257.53585
664160	26048	328428.8202	1375.040975
664160	26048	328428.8202	5779.53037
664182	26070	382330.9232	6821.566119
664336	8005	572318.7616	3543.281646
664337	8005	572318.7616	6005.544597
664338	8005	572318.7616	6006.453825
664339	8005	572318.7616	6006.958222
664340	8005	572318.7616	6004.123963
664341	8005	572318.7616	6004.150181
664342	8005	572318.7616	6002.216038
664343	8005	572318.7616	6002.212312
664344	8005	572318.7616	6086.206023
664345	8005	572318.7616	322.298586
664345	8005	572318.7616	1195.709236
664345	8005	572318.7616	458.6654239
664345	8005	572318.7616	1228.837688
665124	2001	3439265.728	8034.670534
665125	2001	3439265.728	971.7745935
665126	2001	3439265.728	6041.453235
665127	2001	3439265.728	4700.016468
665129	2001	3439265.728	1798.767257
665129	2001	3439265.728	2272.327384
665130	2001	3439265.728	6905.693225
665141	2001	3439265.728	1301.946642
665142	2001	3439265.728	7986.556871
665145	2001	3439265.728	6417.750327
665148	2001	3439265.728	5008.895782
665149	2001	3439265.728	6677.261606
665150	2001	3439265.728	3313.239441
665163	2002	1833005.673	1026.195211
665164	2002	1833005.673	7120.975298
665165	2002	1833005.673	6564.023373
665166	2002	1833005.673	6248.490842
665167	2002	1833005.673	165.241516
665168	2002	1833005.673	6277.935236
665219	26048	328428.8202	446.0656918
665220	26048	328428.8202	6714.790229
665240	26070	382330.9232	1922.740327
665241	26070	382330.9232	4942.434386
666182	2001	3439265.728	5191.411556
666183	2001	3439265.728	2318.946122
666186	2001	3439265.728	6349.315185
666188	2001	3439265.728	2572.354109
666188	2001	3439265.728	4826.839453
666188	2001	3439265.728	1117.66673
666189	2001	3439265.728	655.2845707
666201	2001	3439265.728	551.1308372
666202	2001	3439265.728	7165.634986
666203	2001	3439265.728	6505.673204
666204	2001	3439265.728	5185.685173
666204	2001	3439265.728	232.2248497
666204	2001	3439265.728	5255.576458
666205	2001	3439265.728	863.7920458
666206	2001	3439265.728	6795.819126
666207	2001	3439265.728	2386.5584
666226	2002	1833005.673	7242.175605
666226	2002	1833005.673	1863.228648
666226	2002	1833005.673	109.5087983
666227	2002	1833005.673	4286.635973
666279	26048	328428.8202	4272.220288
666280	26048	328428.8202	2894.787382
666299	26070	382330.9232	6818.365062
667240	2001	3439265.728	1241.635859
667241	2001	3439265.728	7638.122629
667245	2001	3439265.728	6190.743944
667246	2001	3439265.728	2956.632427
667247	2001	3439265.728	4208.902943
667264	2001	3439265.728	4783.23575
667264	2001	3439265.728	2639.881803
667264	2001	3439265.728	3878.077681
667265	2001	3439265.728	2244.590851
667285	2002	1833005.673	6266.667616
667339	26048	328428.8202	7150.423562
667357	26070	382330.9232	2716.767834
667358	26070	382330.9232	3999.672195
667366	26070	382330.9232	467.9282382
667366	26070	382330.9232	6787.139208
667367	26070	382330.9232	1291.583261
668299	2001	3439265.728	6689.652531
668304	2001	3439265.728	2670.663956
668304	2001	3439265.728	1109.796118
668304	2001	3439265.728	5403.821984
668305	2001	3439265.728	6754.498133
668322	2001	3439265.728	3522.609901
668323	2001	3439265.728	3512.892477
668344	2002	1833005.673	6061.714952
668398	26048	328428.8202	970.7879584
668399	26048	328428.8202	6169.036641
668416	26070	382330.9232	6694.010965
668424	26070	382330.9232	5908.379829
668425	26070	382330.9232	1804.403847
669358	2001	3439265.728	6400.169066
669363	2001	3439265.728	6443.106504
669381	2001	3439265.728	5876.435545
669381	2001	3439265.728	290.5769857
669403	2002	1833005.673	6003.640773
669458	26048	328428.8202	4895.396249
669459	26048	328428.8202	2243.920937
669474	26070	382330.9232	2463.247075
669475	26070	382330.9232	4199.015466
669482	26070	382330.9232	7129.495742
669483	26070	382330.9232	3109.837959
670417	2001	3439265.728	261.399869
670417	2001	3439265.728	1422.819118
670418	2001	3439265.728	2502.426681
670418	2001	3439265.728	6811.292966
670418	2001	3439265.728	1553.508951
670419	2001	3439265.728	7126.816706
670420	2001	3439265.728	3676.541173
670422	2001	3439265.728	4181.133767
670423	2001	3439265.728	4149.047026
670440	2001	3439265.728	6652.566868
670462	2002	1833005.673	6003.034351
670518	26048	328428.8202	7276.887681
670519	26048	328428.8202	1975.097518
670533	26070	382330.9232	1792.897204
670533	26070	382330.9232	4801.436112
670540	26070	382330.9232	6299.854265
670541	26070	382330.9232	1301.45453
671474	2001	3439265.728	3418.487082
671475	2001	3439265.728	6887.691541
671476	2001	3439265.728	6489.313574
671477	2001	3439265.728	3297.601417
671479	2001	3439265.728	7419.17854
671482	2001	3439265.728	6383.833497
671498	2001	3439265.728	4857.781455
671499	2001	3439265.728	2134.180373
671521	2002	1833005.673	6039.593931
671577	26048	328428.8202	568.7558829
671577	26048	328428.8202	177.3137543
671578	26048	328428.8202	5027.55005
671579	26048	328428.8202	6148.439136
671580	26048	328428.8202	6154.577461
671582	26048	328428.8202	1821.492026
671583	26048	328428.8202	6456.716794
671584	26048	328428.8202	873.6138698
671584	26048	328428.8202	1392.163271
671584	26070	382330.9232	1382.852705
671592	26070	382330.9232	6209.587543
671598	26070	382330.9232	3433.914873
671599	26070	382330.9232	3623.284634
672533	2001	3439265.728	4201.58059
672538	2001	3439265.728	6172.622597
672541	2001	3439265.728	6633.314125
672556	2001	3439265.728	2708.643381
672557	2001	3439265.728	5061.282402
672580	2002	1833005.673	6070.421662
672639	26048	328428.8202	751.0815125
672639	26048	328428.8202	4721.720845
672640	26048	328428.8202	1052.452406
672640	26048	328428.8202	5240.156155
672640	26048	328428.8202	1180.698759
672641	26048	328428.8202	4554.870062
672643	26070	382330.9232	2950.237168
672644	26070	382330.9232	6602.805344
672645	26070	382330.9232	4821.900643
672651	26070	382330.9232	6049.330941
672657	26070	382330.9232	7136.39333
673597	2001	3439265.728	7635.512527
673599	2001	3439265.728	4611.052569
673600	2001	3439265.728	5917.829158
673615	2001	3439265.728	6329.14112
673639	2002	1833005.673	4788.364842
673640	2002	1833005.673	1287.227447
673704	26070	382330.9232	1774.903761
673705	26070	382330.9232	8032.365983
673706	26070	382330.9232	140.9529288
673709	26070	382330.9232	5228.897875
673710	26070	382330.9232	833.9110262
673715	26070	382330.9232	6828.154491
673716	26070	382330.9232	1134.301804
674656	2001	3439265.728	2613.375734
674656	2001	3439265.728	6902.556224
674657	2001	3439265.728	7101.363489
674658	2001	3439265.728	1881.041272
674673	2001	3439265.728	2556.153102
674674	2001	3439265.728	6236.028569
674699	2002	1833005.673	6044.18348
674716	26055	582896.7885	839.8153005
674717	26055	582896.7885	2069.066185
674765	26070	382330.9232	7928.981385
674766	26070	382330.9232	1048.624471
674768	26070	382330.9232	3005.033178
674769	26070	382330.9232	3475.063628
674772	26070	382330.9232	1024.003658
674773	26070	382330.9232	7196.468938
674774	26070	382330.9232	2120.537504
675709	2001	3439265.728	3093.494982
675715	2001	3439265.728	1404.453308
675715	2001	3439265.728	34.97967565
675715	2001	3439265.728	49.51242297
675715	2001	3439265.728	164.7437145
675715	2001	3439265.728	1768.240651
675715	2001	3439265.728	3679.16619
675715	2001	3439265.728	3326.050136
675731	2001	3439265.728	1215.403792
675732	2001	3439265.728	6469.242265
675758	2002	1833005.673	6566.234422
675775	26055	582896.7885	7722.933459
675825	26070	382330.9232	1365.373717
675825	26070	382330.9232	6333.53469
675826	26070	382330.9232	5282.078741
675828	26070	382330.9232	6728.239103
675830	26070	382330.9232	4816.627877
675831	26070	382330.9232	6194.504684
676768	2001	3439265.728	1664.720511
676769	2001	3439265.728	6924.111067
676770	2001	3439265.728	7126.219703
676771	2001	3439265.728	6756.289449
676772	2001	3439265.728	6317.787747
676773	2001	3439265.728	1611.776837
676773	2001	3439265.728	6202.547439
676774	2001	3439265.728	1928.533457
676774	2001	3439265.728	4019.123542
676774	2001	3439265.728	1210.248637
676790	2001	3439265.728	6463.736938
676817	2002	1833005.673	6583.975247
676817	2002	1833005.673	695.5471628
676833	26055	582896.7885	5461.321145
676834	26055	582896.7885	1241.48095
676885	26070	382330.9232	1229.586446
676886	26070	382330.9232	7621.790344
676887	26070	382330.9232	4807.625471
676887	26070	382330.9232	5786.934913
676887	26070	382330.9232	401.8435667
676887	26070	382330.9232	388.4162883
676888	26070	382330.9232	1728.442559
676888	26070	382330.9232	6763.496566
676889	26070	382330.9232	2201.115613
677832	2001	3439265.728	5671.389131
677832	2001	3439265.728	3128.54401
677832	2001	3439265.728	1936.467868
677833	2001	3439265.728	27.53256097
677849	2001	3439265.728	6328.314977
677876	2002	1833005.673	6414.176708
677892	26055	582896.7885	7231.08003
677946	26070	382330.9232	6637.572161
677947	26070	382330.9232	1051.036749
678889	2001	3439265.728	5790.039483
678890	2001	3439265.728	7102.716805
678891	2001	3439265.728	1428.622956
678907	2001	3439265.728	2422.069138
678908	2001	3439265.728	3857.908904
678935	2002	1833005.673	6245.260005
678950	26055	582896.7885	1935.868868
678951	26055	582896.7885	4610.653748
679003	26070	382330.9232	5829.433365
679004	26070	382330.9232	6582.904619
679005	26070	382330.9232	2342.748882
679948	2001	3439265.728	6346.105727
679966	2001	3439265.728	6808.795016
679993	2002	1833005.673	793.9401466
679994	2002	1833005.673	5461.211383
680009	26055	582896.7885	7002.5411
680059	26070	382330.9232	860.9843282
680060	26070	382330.9232	2913.992318
680060	26070	382330.9232	3644.097607
680061	26070	382330.9232	6618.944634
680062	26070	382330.9232	720.9532465
681006	2001	3439265.728	3858.789712
681007	2001	3439265.728	3883.009893
681024	2001	3439265.728	455.9141524
681024	2001	3439265.728	3419.941319
681025	2001	3439265.728	3566.310507
681051	2002	1833005.673	341.6954429
681052	2002	1833005.673	8986.532707
681067	26055	582896.7885	1122.545397
681068	26055	582896.7885	5662.640403
681108	26070	382330.9232	79.08575249
681116	26070	382330.9232	2853.798617
681117	26070	382330.9232	6476.287899
681118	26070	382330.9232	5769.758086
682062	2001	3439265.728	7391.981035
682063	2001	3439265.728	767.2328651
682064	2001	3439265.728	3905.359133
682065	2001	3439265.728	4214.967719
682082	2001	3439265.728	4819.998134
682083	2001	3439265.728	4724.059502
682109	2002	1833005.673	2359.61788
682110	2002	1833005.673	7203.479513
682126	26055	582896.7885	7982.887815
682167	26070	382330.9232	6077.504408
682171	26070	382330.9232	3669.758285
682172	26070	382330.9232	6160.907578
682173	26070	382330.9232	6294.546368
682174	26070	382330.9232	6315.343904
682174	26070	382330.9232	173.9238628
682175	26070	382330.9232	3736.554286
683119	2001	3439265.728	5012.238502
683119	2001	3439265.728	913.4055118
683120	2001	3439265.728	7503.450566
683121	2001	3439265.728	1202.203554
683123	2001	3439265.728	146.0710577
683123	2001	3439265.728	12631.00038
683141	2001	3439265.728	6695.723881
683168	2002	1833005.673	6880.998641
683184	26055	582896.7885	7971.188811
683185	26055	582896.7885	1.865995584
683226	26070	382330.9232	182.2951184
683226	26070	382330.9232	2889.97488
683226	26070	382330.9232	5983.116195
683227	26070	382330.9232	6178.825728
683228	26070	382330.9232	6164.665681
683229	26070	382330.9232	6174.0731
683230	26070	382330.9232	2488.100326
684178	2001	3439265.728	1808.829801
684182	2001	3439265.728	6245.029627
684182	2001	3439265.728	5770.855099
684199	2001	3439265.728	5719.291389
684200	2001	3439265.728	1115.903018
684227	2002	1833005.673	6096.412463
684242	26055	582896.7885	6870.95643
684243	26055	582896.7885	1140.713296
684283	26070	382330.9232	1295.169898
684284	26070	382330.9232	7178.357144
684285	26070	382330.9232	911.707663
684285	26070	382330.9232	2646.350427
685240	2001	3439265.728	849.4140324
685241	2001	3439265.728	1478.95481
685241	2001	3439265.728	10563.71362
685241	2001	3439265.728	3208.507988
685258	2001	3439265.728	6820.849748
685285	2002	1833005.673	3751.315441
685286	2002	1833005.673	2345.097022
685300	26055	582896.7885	4592.50417
685301	26055	582896.7885	2597.025395
685340	26048	328428.8202	1597.4342
685341	26048	328428.8202	2690.793851
685341	26070	382330.9232	3936.042605
685342	26070	382330.9232	2718.711188
685342	26070	382330.9232	2690.821098
686300	2001	3439265.728	1143.221863
686300	2001	3439265.728	9734.802973
686315	2001	3439265.728	4077.269063
686316	2001	3439265.728	7095.086912
686317	2001	3439265.728	713.2373918
686344	2002	1833005.673	6096.412463
686358	26055	582896.7885	1158.432192
686359	26055	582896.7885	6140.306369
686394	26055	582896.7885	3105.660325
686395	26055	582896.7885	2626.467431
686395	26055	582896.7885	3436.741509
686396	26055	582896.7885	6362.448077
686397	26048	328428.8202	811.2397495
686397	26048	328428.8202	2486.404746
686397	26055	582896.7885	3213.509204
686398	26048	328428.8202	6041.534652
686399	26048	328428.8202	4673.732234
687359	2001	3439265.728	6051.204622
687368	2001	3439265.728	1499.534828
687370	2001	3439265.728	2667.074469
687371	2001	3439265.728	5582.249889
687371	2001	3439265.728	745.9990432
687372	2001	3439265.728	6341.993031
687373	2001	3439265.728	6319.651669
687374	2001	3439265.728	2579.631939
687403	2002	1833005.673	6096.412463
687417	26055	582896.7885	6410.944296
687417	26055	582896.7885	893.747008
687451	26055	582896.7885	7158.562581
687452	26055	582896.7885	7076.602254
687453	26055	582896.7885	3381.208947
688416	2001	3439265.728	14529.03448
688417	2001	3439265.728	5239.73696
688417	2001	3439265.728	3405.681359
688418	2001	3439265.728	3663.615281
688418	2001	3439265.728	4824.52128
688418	2001	3439265.728	1693.718599
688419	2001	3439265.728	6894.715499
688420	2001	3439265.728	7141.157893
688421	2001	3439265.728	7526.277136
688422	2001	3439265.728	5305.955926
688424	2001	3439265.728	5209.415214
688425	2001	3439265.728	8090.142592
688426	2001	3439265.728	6259.901894
688427	2001	3439265.728	6146.237402
688428	2001	3439265.728	6229.806657
688428	2001	3439265.728	130.4991777
688429	2001	3439265.728	3894.019283
688462	2002	1833005.673	6096.412427
688475	26055	582896.7885	5142.284254
688476	26055	582896.7885	2139.912513
688509	26055	582896.7885	8201.043077
688510	26055	582896.7885	272.8639976
689474	2001	3439265.728	344.403127
689474	2001	3439265.728	1079.072216
689474	2001	3439265.728	13053.59235
689475	2001	3439265.728	1808.263432
689481	2001	3439265.728	2175.797943
689482	2001	3439265.728	6292.127476
689483	2001	3439265.728	1828.146583
689521	2002	1833005.673	884.2696038
689521	2002	1833005.673	5215.048959
689528	2002	1833005.673	3339.401467
689533	26055	582896.7885	1857.585241
689534	26055	582896.7885	5422.946755
689564	26055	582896.7885	3246.073277
689565	26055	582896.7885	6074.98272
689566	26055	582896.7885	6087.384236
689567	26055	582896.7885	6715.507274
689568	26055	582896.7885	670.7718536
690531	2001	3439265.728	4444.986434
690532	2001	3439265.728	5530.940584
690532	2001	3439265.728	4745.099093
690532	2001	3439265.728	11201.01469
690533	2001	3439265.728	4843.154092
690533	2001	3439265.728	3636.687298
690534	2001	3439265.728	5421.908483
690579	2002	1833005.673	620.0118003
690580	2002	1833005.673	5482.457953
690587	2002	1833005.673	6187.402348
690592	26055	582896.7885	7305.528601
690621	26055	582896.7885	1901.81088
690622	26055	582896.7885	7407.170339
690623	26055	582896.7885	3033.317635
691590	2001	3439265.728	12167.1141
691591	2001	3439265.728	6513.326585
691593	2001	3439265.728	6484.383364
691638	2002	1833005.673	6099.913311
691646	2002	1833005.673	6891.433081
691650	26055	582896.7885	6294.708855
691651	26055	582896.7885	1301.034872
691680	26055	582896.7885	7549.558995
692649	2001	3439265.728	13384.92423
692650	2001	3439265.728	6843.772186
692652	2001	3439265.728	859.1981993
692653	2001	3439265.728	1936.845587
692653	2001	3439265.728	4848.14841
692697	2002	1833005.673	6097.617873
692705	2002	1833005.673	6201.07886
692708	26055	582896.7885	3885.033441
692709	26055	582896.7885	3396.064862
692737	26055	582896.7885	244.6573029
692738	26055	582896.7885	8136.457554
692739	26055	582896.7885	400.3923035
693706	2001	3439265.728	449.9162732
693707	2001	3439265.728	18280.45238
693708	2001	3439265.728	8041.684546
693709	2001	3439265.728	2330.989945
693709	2001	3439265.728	3256.161833
693709	2001	3439265.728	924.0488723
693709	2001	3439265.728	1921.628736
693710	2001	3439265.728	512.0181338
693710	2001	3439265.728	2722.25434
693711	2001	3439265.728	1621.24393
693711	2001	3439265.728	803.6941154
693711	2001	3439265.728	1587.939634
693712	2001	3439265.728	964.7276727
693712	2001	3439265.728	2750.470561
693712	2001	3439265.728	756.8169896
693712	2001	3439265.728	914.2132798
693712	2001	3439265.728	42.04600413
693712	2001	3439265.728	1562.855002
693713	2001	3439265.728	2659.797112
693756	2002	1833005.673	6893.236578
693764	2002	1833005.673	6490.488438
693766	26055	582896.7885	1963.545065
693767	26055	582896.7885	6099.545488
693796	26055	582896.7885	2518.786499
693796	26055	582896.7885	5589.876459
694764	2001	3439265.728	1287.500282
694765	2001	3439265.728	15744.56045
694765	2001	3439265.728	1194.073556
694767	2001	3439265.728	6198.934707
694768	2001	3439265.728	2937.68879
694772	2001	3439265.728	1226.362541
694772	2001	3439265.728	6040.842868
694773	2001	3439265.728	1986.419631
694814	2002	1833005.673	2133.121604
694814	2002	1833005.673	3364.218363
694815	2002	1833005.673	1947.051459
694820	2002	1833005.673	5258.746496
694821	2002	1833005.673	6026.515045
694822	2002	1833005.673	6024.685285
694823	2002	1833005.673	6020.633604
694823	2002	1833005.673	3559.249601
694824	2002	1833005.673	2.940101019
694825	26055	582896.7885	4104.6472
694825	26055	582896.7885	2947.262771
694853	26055	582896.7885	2479.440807
694853	26055	582896.7885	157.0386448
694854	26055	582896.7885	1412.657224
694854	26055	582896.7885	6238.328535
694854	26055	582896.7885	3052.374717
694855	26055	582896.7885	627.8530155
695823	2001	3439265.728	13549.08167
695825	2001	3439265.728	2168.115075
695826	2001	3439265.728	5319.187148
695832	2001	3439265.728	7046.00343
695873	2002	1833005.673	6658.524822
695877	2002	1833005.673	1960.339946
695877	2002	1833005.673	4040.202127
695878	2002	1833005.673	691.7706619
695878	2002	1833005.673	6031.238108
695879	2002	1833005.673	773.2643866
695882	2002	1833005.673	5476.816467
695882	2002	1833005.673	500.1004878
695883	2002	1833005.673	4429.736254
695883	2002	1833005.673	1093.31688
695883	2002	1833005.673	1415.226667
695883	26055	582896.7885	4986.919615
695883	2002	1833005.673	124.0067071
695883	2002	1833005.673	1451.716912
695883	26055	582896.7885	1786.655082
695884	26055	582896.7885	541.0342855
695884	26055	582896.7885	4422.345552
695884	26055	582896.7885	916.6709091
695911	26055	582896.7885	5622.091491
695912	26055	582896.7885	4175.120667
696882	2001	3439265.728	12061.35772
696884	2001	3439265.728	6424.010362
696890	2001	3439265.728	1531.758011
696891	2001	3439265.728	1987.136217
696891	2001	3439265.728	3147.068926
696892	2001	3439265.728	7228.726808
696892	2001	3439265.728	2328.909414
696892	2001	3439265.728	1013.019455
696921	2002	1833005.673	4444.303137
696932	2002	1833005.673	6015.92705
696936	2002	1833005.673	2799.974186
696937	2002	1833005.673	2642.524135
696937	2002	1833005.673	1488.486315
696941	2002	1833005.673	8088.542456
696943	26055	582896.7885	1502.367888
696943	26055	582896.7885	5143.678767
696943	26055	582896.7885	4535.401133
696944	26055	582896.7885	7368.793152
696968	26055	582896.7885	33.83076047
696969	26055	582896.7885	6981.742991
696970	26055	582896.7885	3395.093478
697941	2005	178688.9983	3292.413958
697941	2005	178688.9983	4511.860146
697941	2001	3439265.728	7299.888195
697941	2005	178688.9983	409.8566352
697942	2005	178688.9983	883.5621833
697942	2001	3439265.728	6379.10567
697943	2001	3439265.728	4089.850576
697951	2001	3439265.728	2635.772602
697952	2001	3439265.728	6166.131279
697979	2002	1833005.673	5823.176705
697980	2002	1833005.673	3670.70308
697991	2002	1833005.673	6004.789086
697993	2002	1833005.673	438.5377077
697994	2002	1833005.673	7337.995954
697995	2002	1833005.673	4056.264322
697995	2002	1833005.673	6036.666385
697996	2002	1833005.673	1059.312815
697996	2002	1833005.673	5896.824994
697996	2002	1833005.673	131.8240902
697996	2002	1833005.673	1122.29211
697997	2002	1833005.673	4957.055492
697997	2002	1833005.673	1981.147384
697997	2002	1833005.673	1068.995772
697998	2002	1833005.673	6035.661759
697999	2002	1833005.673	2587.824013
697999	2002	1833005.673	2788.934598
697999	2002	1833005.673	2176.120432
697999	2002	1833005.673	2744.634725
697999	2002	1833005.673	1942.625342
698000	2002	1833005.673	372.7917528
698002	26055	582896.7885	6018.482274
698003	26055	582896.7885	6050.180793
698025	26055	582896.7885	1151.091392
698026	26055	582896.7885	6614.005531
698027	26055	582896.7885	6566.367859
699000	2005	178688.9983	12084.00957
699011	2001	3439265.728	3009.869189
699012	2001	3439265.728	4675.971847
699037	2002	1833005.673	3167.137944
699038	2002	1833005.673	4643.881952
699050	2002	1833005.673	6005.664521
699051	2002	1833005.673	3478.016656
699052	2002	1833005.673	6903.518433
699054	2002	1833005.673	6171.247902
699055	2002	1833005.673	3344.971444
699056	2002	1833005.673	6032.44533
699058	2002	1833005.673	5950.02633
699059	2002	1833005.673	739.4366364
699061	26055	582896.7885	6016.299017
699062	26055	582896.7885	6450.023755
699082	26055	582896.7885	2312.027375
699083	26055	582896.7885	6609.095642
699084	26055	582896.7885	5441.158109
700059	2005	178688.9983	12340.32076
700071	2001	3439265.728	5035.600347
700072	2001	3439265.728	3229.890984
700095	2002	1833005.673	2855.939769
700096	2002	1833005.673	5011.640646
700109	2002	1833005.673	3099.916773
700109	2002	1833005.673	2903.739841
700109	2002	1833005.673	4502.232791
700110	2002	1833005.673	3895.487394
700113	2002	1833005.673	6032.100678
700115	2002	1833005.673	1027.081293
700115	2002	1833005.673	1011.410545
700115	2002	1833005.673	3950.328876
700116	2002	1833005.673	975.8907116
700116	2002	1833005.673	1380.093086
700116	2002	1833005.673	5860.931984
700116	2002	1833005.673	945.8552209
700117	2002	1833005.673	996.6030317
700118	2002	1833005.673	6718.510751
700119	2002	1833005.673	3497.458643
700120	26055	582896.7885	7282.735681
700121	26055	582896.7885	1442.770398
700121	26055	582896.7885	191.2879859
700122	26055	582896.7885	5540.335286
700138	26055	582896.7885	4357.253682
700139	26055	582896.7885	6075.03478
700140	26055	582896.7885	6539.460798
700141	26055	582896.7885	4297.171437
701118	2005	178688.9983	12972.46438
701130	2001	3439265.728	3935.619767
701131	2001	3439265.728	4385.052022
701154	2002	1833005.673	6571.085295
701168	2002	1833005.673	6018.239745
701172	2002	1833005.673	6061.094182
701173	2002	1833005.673	4091.047694
701173	2002	1833005.673	762.453155
701174	2002	1833005.673	3281.344095
701176	2002	1833005.673	6323.011574
701178	2002	1833005.673	4788.471559
701179	2002	1833005.673	3530.179137
701180	26055	582896.7885	7799.779926
701181	26055	582896.7885	2235.495949
701196	26055	582896.7885	6148.356209
701197	26055	582896.7885	2446.231854
702177	2005	178688.9983	12398.40944
702189	2001	3439265.728	6408.928727
702212	2002	1833005.673	1687.34654
702213	2002	1833005.673	4949.743766
702227	2002	1833005.673	6012.60988
702231	2002	1833005.673	4925.996127
702231	2002	1833005.673	275.5556234
702231	2002	1833005.673	345.4841108
702231	2002	1833005.673	1401.788046
702232	2002	1833005.673	106.449763
702232	2002	1833005.673	4467.371307
702232	2002	1833005.673	864.1617368
702235	2002	1833005.673	6258.724548
702238	26055	582896.7885	721.4855932
702238	2002	1833005.673	1318.877351
702238	2002	1833005.673	5009.78364
702238	2002	1833005.673	1573.515442
702239	26055	582896.7885	1483.961059
702239	26055	582896.7885	6029.162824
702240	26055	582896.7885	2890.476404
702240	26055	582896.7885	1764.170009
702240	26055	582896.7885	3190.307416
702253	26055	582896.7885	5716.901189
702254	26055	582896.7885	6598.283914
702255	26055	582896.7885	2054.53009
703235	2005	178688.9983	2389.078798
703235	2005	178688.9983	2803.100476
703236	2005	178688.9983	5250.267429
703248	2004	359563.0365	2778.06746
703248	2003	358868.6946	1030.52
703248	2001	3439265.728	2531.648818
703271	2002	1833005.673	6773.113789
703286	2002	1833005.673	5827.570533
703286	2002	1833005.673	184.8225704
703290	2002	1833005.673	2252.855143
703290	2002	1833005.673	610.9847273
703290	2002	1833005.673	5873.756915
703294	2002	1833005.673	6159.475455
703295	2002	1833005.673	2761.68551
703296	2002	1833005.673	5464.84144
703296	2002	1833005.673	563.4290668
703297	2002	1833005.673	7265.73816
703299	26055	582896.7885	3564.551556
703300	26055	582896.7885	8945.368425
703301	26055	582896.7885	4263.339193
703309	26055	582896.7885	156.3007319
703310	26055	582896.7885	6618.204309
703311	26055	582896.7885	6610.224035
703312	26055	582896.7885	894.0110599
704293	2005	178688.9983	5411.267595
704294	2005	178688.9983	588.1097645
704294	2005	178688.9983	12798.13031
704307	2004	359563.0365	3979.498148
704307	2003	358868.6946	3323.627857
704330	2002	1833005.673	6187.95548
704344	2002	1833005.673	4946.597044
704345	2002	1833005.673	1813.613475
704349	2002	1833005.673	6353.625697
704353	2002	1833005.673	402.1153601
704353	2002	1833005.673	5612.28981
704353	2002	1833005.673	1647.664629
704354	2002	1833005.673	3920.615216
704355	2002	1833005.673	1219.264166
704355	2002	1833005.673	1212.225289
704355	2002	1833005.673	1088.76069
704356	2002	1833005.673	5560.951852
704360	26055	582896.7885	4887.077925
704361	26055	582896.7885	4979.149091
704366	26055	582896.7885	1351.92946
704367	26055	582896.7885	6603.712356
704368	26055	582896.7885	6445.25785
705350	2005	178688.9983	4970.598644
705351	2005	178688.9983	13765.42039
705352	2005	178688.9983	7825.101654
705365	2003	358868.6946	4594.505997
705366	2003	358868.6946	3140.449155
705366	2003	358868.6946	80.88563298
705389	2002	1833005.673	6134.799173
705403	2002	1833005.673	6153.663732
705406	2002	1833005.673	2254.676992
705406	2002	1833005.673	723.0394467
705407	2002	1833005.673	6023.792359
705408	2002	1833005.673	1568.756637
705408	2002	1833005.673	5048.355769
705408	2002	1833005.673	2200.01787
705408	2002	1833005.673	2594.541844
705408	2002	1833005.673	561.3049545
705409	2002	1833005.673	6966.258333
705410	2002	1833005.673	6019.299384
705411	2002	1833005.673	6118.933004
705412	2002	1833005.673	4829.661532
705412	2002	1833005.673	945.6412244
705412	2002	1833005.673	5065.308361
705415	2002	1833005.673	5419.533933
705416	2002	1833005.673	2402.70895
705420	26055	582896.7885	2321.148488
705421	26055	582896.7885	647.4183324
705421	26055	582896.7885	5696.824301
705422	26055	582896.7885	5029.942841
705422	26055	582896.7885	5381.840364
705422	26055	582896.7885	1071.692208
705423	26055	582896.7885	6203.223506
705423	26055	582896.7885	2316.503236
705424	26055	582896.7885	2399.110212
705424	26055	582896.7885	2523.384174
705424	26055	582896.7885	4129.344757
705425	26055	582896.7885	5238.423342
706409	2005	178688.9983	12835.47715
706424	2003	358868.6946	7115.771656
706448	2002	1833005.673	6389.90062
706462	2002	1833005.673	6141.956783
706464	2002	1833005.673	880.6289668
706465	2002	1833005.673	3144.950715
706465	2002	1833005.673	3360.446955
706467	2002	1833005.673	4606.53807
706467	2002	1833005.673	966.4281261
706467	2002	1833005.673	16.33874109
706468	2002	1833005.673	515.7083258
706468	2002	1833005.673	1336.000521
706470	2002	1833005.673	1381.892531
706471	2002	1833005.673	4970.138664
706471	2002	1833005.673	1040.164832
706471	2002	1833005.673	5457.829958
706471	2002	1833005.673	613.6184893
706472	2002	1833005.673	6088.089716
706473	2002	1833005.673	6217.468792
706474	2002	1833005.673	6084.186138
706475	2002	1833005.673	6961.312191
706475	2002	1833005.673	6321.206724
706476	2002	1833005.673	711.8512744
706480	26055	582896.7885	1603.389621
706480	26055	582896.7885	4479.193243
706480	26055	582896.7885	3909.145913
706481	26055	582896.7885	6582.138718
706481	26055	582896.7885	7639.949435
706482	26055	582896.7885	4299.732349
707468	2005	178688.9983	574.310335
707468	2005	178688.9983	11144.52797
707481	2003	358868.6946	927.3618737
707481	2004	359563.0365	179.5153657
707481	2003	358868.6946	2647.48979
707482	2003	358868.6946	7141.262057
707483	2003	358868.6946	9967.975503
707484	2003	358868.6946	4245.137274
707507	2002	1833005.673	6030.878502
707520	2002	1833005.673	1090.296467
707521	2002	1833005.673	5016.033292
707521	2002	1833005.673	36.02965486
707523	2002	1833005.673	7708.214464
707526	2002	1833005.673	4723.779681
707526	2002	1833005.673	3181.425869
707526	2002	1833005.673	4233.818307
707527	2002	1833005.673	625.077071
707527	2002	1833005.673	5919.680789
707528	2002	1833005.673	6090.825667
707529	2002	1833005.673	4711.128028
707530	2002	1833005.673	1764.035551
707531	2002	1833005.673	4565.941188
707534	2002	1833005.673	205.5683259
707535	2002	1833005.673	6440.698475
707535	2002	1833005.673	6698.343391
707536	2002	1833005.673	6023.784149
707536	2002	1833005.673	6017.54575
707537	2002	1833005.673	9059.429602
707537	2002	1833005.673	582.9295103
707537	2002	1833005.673	6091.087895
707537	2002	1833005.673	6493.799439
707538	2002	1833005.673	1528.272126
707538	2002	1833005.673	1040.749885
707538	2002	1833005.673	11013.55144
707538	2002	1833005.673	1013.298874
707538	2002	1833005.673	2277.36341
707539	26055	582896.7885	5759.421566
707539	2002	1833005.673	307.2148991
708526	2005	178688.9983	1053.452928
708527	2005	178688.9983	5157.491937
708540	2003	358868.6946	163.9085817
708540	2003	358868.6946	1086.821191
708541	2003	358868.6946	5587.133323
708566	2002	1833005.673	4005.480627
708567	2002	1833005.673	2175.764192
708579	2002	1833005.673	6138.69655
708581	2002	1833005.673	4655.646687
708582	2002	1833005.673	2577.106454
708585	2002	1833005.673	6023.606138
708589	2002	1833005.673	1722.070507
708590	2002	1833005.673	4550.861544
708592	2002	1833005.673	4913.390127
708593	2002	1833005.673	3620.937892
708593	2002	1833005.673	415.7483778
708594	2002	1833005.673	2122.94669
708594	2002	1833005.673	7099.498961
708595	2002	1833005.673	13208.48388
708596	2002	1833005.673	3539.83359
708597	2002	1833005.673	6704.566346
709585	2005	178688.9983	190.8938373
709585	2005	178688.9983	6443.845407
709585	2005	178688.9983	1304.797886
709586	2005	178688.9983	4829.668711
709596	2004	359563.0365	3562.025005
709600	2003	358868.6946	6934.143823
709626	2002	1833005.673	6060.610733
709638	2002	1833005.673	6146.818525
709640	2002	1833005.673	6490.76074
709644	2002	1833005.673	6035.609568
709648	2002	1833005.673	6108.187311
709651	2002	1833005.673	6024.562416
709656	2002	1833005.673	6067.938299
710644	2005	178688.9983	4202.056277
710644	2005	178688.9983	5943.117321
710645	2005	178688.9983	7149.624682
710654	2004	359563.0365	900.0301032
710655	2004	359563.0365	2453.430542
710659	2003	358868.6946	4167.035087
710660	2003	358868.6946	2596.271436
710672	2003	358868.6946	2411.947037
710673	2003	358868.6946	6355.166321
710674	2003	358868.6946	7131.56012
710675	2003	358868.6946	606.0387427
710685	2002	1833005.673	6047.308689
710697	2002	1833005.673	6135.351606
710698	2002	1833005.673	2016.195712
710698	2002	1833005.673	1234.679442
710699	2002	1833005.673	2995.323628
710699	2002	1833005.673	145.634565
710700	2002	1833005.673	394.5217749
710701	2002	1833005.673	6231.949601
710702	2002	1833005.673	6029.886442
710703	2002	1833005.673	2514.07132
710703	2002	1833005.673	3515.729275
710703	2002	1833005.673	3452.347661
710704	2002	1833005.673	4724.169734
710704	2002	1833005.673	431.340045
710704	2002	1833005.673	870.0328213
710705	2002	1833005.673	6027.305492
710706	2002	1833005.673	6041.234867
710707	2002	1833005.673	5943.502953
710707	2002	1833005.673	87.57060803
710707	2002	1833005.673	756.541135
710708	2002	1833005.673	6002.142408
710709	2002	1833005.673	3587.386041
710709	2002	1833005.673	2770.658034
710710	2002	1833005.673	2773.945669
710710	2002	1833005.673	2869.890651
710710	2002	1833005.673	977.0901751
710710	2002	1833005.673	2892.358019
710710	2002	1833005.673	3750.56185
710711	2002	1833005.673	2118.384124
710715	2002	1833005.673	6067.938329
711703	2004	359563.0365	11340.04603
711703	2005	178688.9983	749.6298884
711704	2004	359563.0365	4996.642208
711704	2005	178688.9983	2169.264006
711704	2005	178688.9983	246.8676734
711705	2004	359563.0365	3649.618864
711705	2004	359563.0365	4070.117787
711709	2004	359563.0365	7002.240902
711710	2004	359563.0365	6390.724631
711711	2004	359563.0365	5753.330646
711713	2004	359563.0365	3411.561025
711719	2003	358868.6946	7801.37509
711730	2003	358868.6946	4210.078998
711730	2003	358868.6946	2682.357093
711731	2003	358868.6946	5030.986078
711734	2003	358868.6946	7128.021584
711735	2003	358868.6946	4459.780242
711735	2003	358868.6946	1829.248339
711744	2002	1833005.673	6051.051891
711753	2002	1833005.673	1990.678394
711756	2002	1833005.673	6134.662234
711758	2002	1833005.673	3174.847545
711758	2002	1833005.673	2014.466052
711758	2002	1833005.673	5261.710687
711759	2002	1833005.673	6178.524379
711768	2002	1833005.673	1921.230311
711769	2002	1833005.673	4444.219697
711770	2002	1833005.673	4574.893355
711771	2002	1833005.673	6733.931014
711772	2002	1833005.673	1984.050995
711774	2002	1833005.673	3834.439839
711774	2002	1833005.673	3381.220633
711774	2002	1833005.673	739.244976
711775	2002	1833005.673	2451.13151
712761	2004	359563.0365	9634.359614
712762	2004	359563.0365	3440.875605
712764	2004	359563.0365	1856.301076
712764	2004	359563.0365	1897.661084
712764	2004	359563.0365	2061.570788
712764	2004	359563.0365	40.46165356
712764	2004	359563.0365	5053.637029
712767	2004	359563.0365	958.8445318
712767	2004	359563.0365	2524.724704
712767	2004	359563.0365	3348.599009
712768	2004	359563.0365	1199.486334
712770	2004	359563.0365	655.4908616
712771	2004	359563.0365	6389.982297
712772	2004	359563.0365	620.2483228
712772	2004	359563.0365	5741.576347
712772	2004	359563.0365	1645.28129
712773	2004	359563.0365	7667.831905
712774	2004	359563.0365	3372.796366
712778	2003	358868.6946	8892.195806
712786	2003	358868.6946	3167.555419
712787	2003	358868.6946	6239.073793
712788	2003	358868.6946	6182.045553
712789	2003	358868.6946	1085.344981
712794	2003	358868.6946	215.098271
712795	2003	358868.6946	4855.443278
712795	2003	358868.6946	2658.288831
712800	2003	358868.6946	475.4910052
712800	2002	1833005.673	1574.653206
712801	2002	1833005.673	6047.48327
712802	2002	1833005.673	6000.297413
712803	2002	1833005.673	3863.244551
712803	2002	1833005.673	2136.837535
712803	2002	1833005.673	6018.418976
712804	2002	1833005.673	6000.023567
712805	2002	1833005.673	1550.435301
712809	2002	1833005.673	3147.624778
712810	2002	1833005.673	743.3268479
712810	2002	1833005.673	5525.194915
712810	2002	1833005.673	2171.295788
712812	2002	1833005.673	6210.651243
712814	2002	1833005.673	3267.860429
712815	2002	1833005.673	2894.920785
712816	2002	1833005.673	2963.418292
712817	2002	1833005.673	5380.486379
712820	2002	1833005.673	1892.510029
712821	2002	1833005.673	6102.736671
712822	2002	1833005.673	6108.276482
712823	2002	1833005.673	6030.115612
712824	2002	1833005.673	6024.507405
712825	2002	1833005.673	6039.880729
712826	2002	1833005.673	6020.909043
712827	2002	1833005.673	4680.776207
712827	2002	1833005.673	3004.84561
712827	2002	1833005.673	1345.322678
712828	2002	1833005.673	7434.21384
712829	2002	1833005.673	1833.588927
712831	2002	1833005.673	4596.201791
712832	2002	1833005.673	6111.942539
712833	2002	1833005.673	1194.426417
712833	2002	1833005.673	5238.415433
712833	2002	1833005.673	3271.569823
712834	2002	1833005.673	4934.564044
712835	2002	1833005.673	7178.883475
712836	2002	1833005.673	201.6668138
713820	2004	359563.0365	12200.35374
713823	2004	359563.0365	287.8382208
713823	2004	359563.0365	10704.06652
713824	2004	359563.0365	2626.956571
713825	2004	359563.0365	2642.616221
713826	2004	359563.0365	4784.681186
713833	2004	359563.0365	6627.973829
713833	2004	359563.0365	1348.027037
713834	2004	359563.0365	464.0602832
713836	2003	358868.6946	8415.850539
713837	2003	358868.6946	268.8325084
713842	2003	358868.6946	3142.84546
713843	2003	358868.6946	6170.968258
713844	2003	358868.6946	6165.57552
713845	2003	358868.6946	4784.195338
713854	2003	358868.6946	589.4992594
713854	2003	358868.6946	6945.638108
713855	2003	358868.6946	9604.772581
713856	2003	358868.6946	2011.123125
713857	2003	358868.6946	7529.142877
713858	2003	358868.6946	6055.583645
713859	2003	358868.6946	1807.933585
713859	2003	358868.6946	2217.997515
713864	2002	1833005.673	5127.524668
713865	2002	1833005.673	1542.660503
713865	2002	1833005.673	4829.097834
713866	2002	1833005.673	5987.898974
713866	2002	1833005.673	339.984375
713866	2002	1833005.673	1968.407284
713867	2002	1833005.673	6543.280271
713868	2002	1833005.673	3405.16809
713869	2002	1833005.673	338.7769117
713869	2002	1833005.673	6419.017338
713870	2002	1833005.673	6667.211678
713871	2002	1833005.673	1448.526142
713871	2002	1833005.673	4820.366925
713871	2002	1833005.673	4584.843689
713872	2002	1833005.673	6534.896651
713873	2002	1833005.673	2238.429376
713873	2002	1833005.673	5093.082611
713873	2002	1833005.673	3830.480778
713873	2002	1833005.673	2328.038982
713874	2002	1833005.673	3953.074359
713875	2002	1833005.673	5224.641734
713878	2002	1833005.673	3905.628794
713879	2002	1833005.673	7453.779341
713888	2002	1833005.673	7822.392809
713889	2002	1833005.673	6217.151111
713890	2002	1833005.673	6019.750156
713891	2002	1833005.673	6094.671053
713892	2002	1833005.673	1940.292989
713892	2002	1833005.673	4402.298263
713892	2002	1833005.673	4082.78355
713893	2002	1833005.673	6084.616689
713894	2002	1833005.673	6241.960389
713895	2002	1833005.673	7712.539789
714879	2004	359563.0365	466.4225411
714879	2004	359563.0365	12705.94526
714879	2004	359563.0365	1066.92588
714880	2004	359563.0365	247.3063197
714881	2004	359563.0365	3799.963398
714882	2004	359563.0365	1696.307362
714882	2004	359563.0365	16875.70978
714882	2004	359563.0365	2809.464272
714883	2004	359563.0365	7442.791032
714884	2004	359563.0365	5119.790929
714884	2004	359563.0365	1731.339962
714890	2004	359563.0365	1398.32715
714891	2004	359563.0365	16666.47105
714892	2004	359563.0365	12236.40131
714893	2004	359563.0365	773.2661621
714893	2004	359563.0365	71.31550213
714893	2003	358868.6946	2079.314003
714893	2003	358868.6946	12527.55988
714893	2004	359563.0365	1304.037529
714894	2003	358868.6946	12176.25325
714894	2003	358868.6946	723.3541013
714895	2003	358868.6946	3956.659834
714895	2003	358868.6946	1217.614671
714895	2003	358868.6946	1441.477623
714895	2003	358868.6946	5199.046599
714895	2003	358868.6946	2142.870784
714897	2003	358868.6946	4609.693966
714898	2003	358868.6946	6244.106242
714899	2003	358868.6946	2894.821436
714900	2003	358868.6946	6581.443409
714901	2003	358868.6946	4607.680941
714901	2003	358868.6946	557.2798508
714913	2003	358868.6946	6380.642434
714914	2003	358868.6946	3748.954892
714914	2003	358868.6946	7185.190161
714915	2003	358868.6946	5139.902045
714915	2003	358868.6946	344.7373486
714915	2003	358868.6946	7254.494207
714916	2003	358868.6946	11773.68461
714917	2003	358868.6946	6741.000706
714918	2003	358868.6946	2609.654747
714918	2003	358868.6946	3540.064979
714918	2002	1833005.673	387.1846343
714919	2002	1833005.673	6089.342558
714920	2002	1833005.673	6081.065951
714921	2002	1833005.673	6351.773331
714922	2002	1833005.673	3117.137519
714925	2002	1833005.673	6157.108887
714928	2002	1833005.673	3664.355955
714928	2002	1833005.673	2839.780292
714932	2002	1833005.673	4151.01211
714932	2002	1833005.673	4106.653296
714932	2002	1833005.673	2552.760102
714932	2002	1833005.673	1964.321311
714933	2002	1833005.673	3814.744355
714933	2002	1833005.673	6100.131229
714934	2002	1833005.673	6027.980123
714935	2002	1833005.673	6152.548225
714936	2002	1833005.673	6464.627706
714937	2002	1833005.673	2541.432043
714954	2002	1833005.673	10636.91335
714955	2002	1833005.673	5647.883615
715938	2004	359563.0365	1113.36219
715939	2004	359563.0365	1891.537469
715939	2004	359563.0365	4860.215176
715939	2004	359563.0365	3408.404854
715939	2004	359563.0365	12088.95733
715940	2004	359563.0365	9662.189145
715941	2004	359563.0365	3089.276834
715941	2004	359563.0365	366.7350564
715941	2004	359563.0365	3137.824215
715942	2004	359563.0365	137.1034045
715942	2004	359563.0365	6000
715943	2004	359563.0365	5843.646568
715944	2004	359563.0365	6009.320227
715945	2004	359563.0365	6021.246922
715946	2004	359563.0365	2286.383309
715946	2004	359563.0365	7488.655128
715947	2004	359563.0365	2784.816262
715947	2004	359563.0365	10542.64829
715948	2004	359563.0365	15019.83375
715949	2004	359563.0365	11135.94352
715954	2003	358868.6946	4687.149581
715954	2003	358868.6946	5005.676154
715954	2003	358868.6946	634.4719255
715955	2003	358868.6946	6613.919999
715956	2003	358868.6946	1745.552664
715958	2003	358868.6946	4081.812574
715959	2003	358868.6946	545.2544302
715981	2002	1833005.673	3517.161471
715982	2002	1833005.673	6306.051692
715983	2002	1833005.673	6048.052712
715984	2002	1833005.673	3450.716995
715984	2002	1833005.673	3531.139058
715984	2002	1833005.673	785.9834498
715987	2002	1833005.673	618.8732331
716014	2002	1833005.673	3192.660624
